,ID,uf,m2_const,sup_terreno,dormitorios,ba√±os,estacionamientos,bodegas,d_casa,d_proyecto,COMUNA,longitud,latitud
276,277,9453.0,450.0,450.0,10,6,2,0,1,0,13106,-70.6953154,-33.4588333
277,278,4681.678172,139.0,350.0,5,3,1,2,1,0,13106,-70.695883,-33.4574955
278,279,29000.0,400.0,1000.0,5,5,4,1,1,0,13106,-70.6941112,-33.4596643
279,280,7850.0,383.0,383.0,3,3,2,0,1,0,13106,-70.69648,-33.458061
280,281,9040.481987,112.0,286.0,5,2,3,0,1,0,13106,-70.6937878,-33.4539294
281,282,3300.0,62.0,200.0,2,1,0,0,1,0,13106,-70.697866,-33.4494302
282,283,2450.0,45.0,45.0,2,1,0,0,1,0,13106,-70.6927548,-33.4531615
283,284,5800.0,100.0,215.0,2,1,0,0,1,0,13106,-70.6933594,-33.4577446
284,285,4843.11535,153.0,153.0,3,2,0,0,1,0,13106,-70.6930726,-33.4555226
285,286,2250.0,51.0,60.0,2,1,0,0,1,0,13106,-70.6995238,-33.4515093
286,287,5004.552528,114.0,219.0,4,2,4,0,1,0,13106,-70.7035599,-33.4526634
287,288,6457.487133,100.0,341.0,6,2,3,0,1,0,13106,-70.7011719,-33.4498749
288,289,6300.0,202.0,226.0,5,3,2,0,1,0,13106,-70.699391,-33.4620453
289,290,5327.426885,132.0,297.0,8,3,0,0,1,0,13106,-70.701455,-33.4512084
290,291,5488.864063,82.0,130.0,5,2,2,0,1,0,13106,-70.6969741,-33.4570628
291,292,5004.552528,120.0,120.0,5,2,3,1,1,0,13106,-70.6978118,-33.4612768
292,293,4520.240993,140.0,345.0,3,1,2,0,1,0,13106,-70.7039642,-33.4496803
293,294,5950.0,110.0,169.0,2,1,2,0,1,0,13106,-70.6990051,-33.4590759
294,295,7748.98456,130.0,150.0,3,2,1,0,1,0,13106,-70.6990051,-33.4590759
295,296,4520.240993,156.0,304.0,3,1,2,0,1,0,13106,-70.7039534,-33.4496706
296,297,4843.11535,160.0,160.0,4,2,2,0,1,0,13106,-70.7103095,-33.4624099
297,298,4035.929458,95.0,184.36,3,1,0,0,1,0,13106,-70.705925,-33.4604073
298,299,5004.552528,155.0,155.0,3,2,3,1,1,0,13106,-70.7034884,-33.4560283
299,300,3995.0,85.0,150.0,3,2,1,1,1,0,13106,-70.7096891,-33.4586388
300,301,5808.509677,98.93,350.0,3,2,3,0,1,0,13106,-70.7040253,-33.464016
301,302,5004.552528,70.0,70.0,3,1,2,0,1,0,13106,-70.7063254,-33.4574571
302,303,3874.49228,94.5,112.0,4,1,0,0,1,0,13106,-70.7109985,-33.4634247
303,304,4907.690221,100.0,155.0,3,1,1,2,1,0,13106,-70.703408,-33.4566574
304,305,3713.055102,89.0,189.0,4,1,1,0,1,0,13106,-70.7051239,-33.4519348
305,306,1450.0,23.0,23.0,1,1,0,0,1,0,13106,-70.7058574,-33.4539457
306,307,5165.989707,96.0,145.0,4,1,1,0,1,0,13106,-70.7054476,-33.4574293
307,308,4035.929458,75.0,140.0,5,3,1,0,1,0,13106,-70.7118843,-33.4589862
308,309,3551.617923,66.0,162.0,3,1,2,0,1,0,13106,-70.7052701,-33.4646513
309,310,8394.410399,230.0,358.0,6,3,4,0,1,0,13106,-70.7043843,-33.4546256
310,311,5618.013806,110.0,200.0,4,2,3,0,1,0,13106,-70.7107192,-33.4625553
311,312,6457.487133,110.0,250.0,4,2,5,0,1,0,13106,-70.7081127,-33.464212
312,313,3925.0,63.0,170.0,3,1,1,0,1,0,13106,-70.7043304,-33.451889
313,314,4843.11535,75.0,218.0,4,2,1,1,1,0,13106,-70.7070124,-33.4607636
314,315,4197.366637,100.0,169.0,5,2,1,1,1,0,13106,-70.7050799,-33.4491442
315,316,1850.0,35.0,35.0,1,1,0,0,1,0,13106,-70.688829,-33.4558876
316,317,10500.0,150.0,270.0,5,2,1,1,1,0,13106,-70.6846553,-33.4508927
317,318,11500.0,170.0,277.0,5,2,1,1,1,0,13106,-70.6881262,-33.4543722
318,319,4197.366637,92.0,155.0,3,1,0,0,1,0,13106,-70.688092,-33.4520434
319,320,8500.0,201.0,246.0,6,3,0,0,1,0,13106,-70.6840161,-33.4509639
320,321,12269.22555,150.0,176.0,1,3,0,0,1,0,13106,-70.6829453,-33.4529724
321,322,8000.0,130.0,130.0,4,3,1,0,1,0,13106,-70.6829903,-33.4530716
322,323,8900.0,367.0,400.0,3,3,4,3,1,0,13106,-70.6846682,-33.4680362
323,324,11330.0,122.0,340.0,6,2,2,0,1,0,13106,-70.6853452,-33.4609548
324,325,2195.545625,107.0,107.0,5,2,0,0,1,0,13106,-70.689011,-33.468458
325,326,3228.743567,140.0,180.0,4,1,3,0,1,0,13106,-70.7017059,-33.4670715
326,327,3200.0,120.0,200.0,4,2,0,0,1,0,13106,-70.69298,-33.47044
327,328,2860.0,126.0,126.0,3,2,0,0,1,0,13106,-70.6975356,-33.4634922
328,329,2980.0,49.4,160.0,2,1,1,0,1,0,13106,-70.6985321,-33.4685745
329,330,3067.306388,77.0,161.0,3,2,0,0,1,0,13106,-70.7019882,-33.4712448
330,331,2260.120497,120.0,162.0,3,1,1,0,1,0,13106,-70.6992458,-33.4786715
331,332,1937.24614,130.5,150.0,10,3,0,0,1,0,13106,-70.7004195,-33.4768904
332,333,1937.24614,33.0,47.0,2,1,1,0,1,0,13106,-70.6919403,-33.4610138
333,334,2200.0,108.0,157.0,4,3,2,0,1,0,13106,-70.6951301,-33.4774153
334,335,4197.366637,112.0,138.0,4,1,0,0,1,0,13106,-70.6970139,-33.4631653
335,336,3228.743567,131.0,156.0,6,2,0,0,1,0,13106,-70.7001785,-33.4672472
336,337,4035.929458,170.0,200.0,3,1,2,0,1,0,13106,-70.7016296,-33.4716568
337,338,8071.858917,170.0,180.0,5,2,2,0,1,0,13106,-70.697114,-33.463441
338,339,4520.240993,159.0,162.0,5,2,2,0,1,0,13106,-70.7025139,-33.4733082
339,340,2900.0,57.68,88.4,2,1,0,0,1,0,13106,-70.686789,-33.4600183
340,341,4990.0,131.0,213.0,3,1,1,0,1,0,13106,-70.6989428,-33.4654047
341,342,5000.0,200.0,230.0,5,2,3,0,1,0,13106,-70.6854858,-33.4637489
342,343,9300.0,172.0,343.0,4,3,1,0,1,0,13106,-70.6880591,-33.4587674
343,344,11603.0,160.0,343.0,5,3,0,0,1,0,13106,-70.687912,-33.4585457
344,345,7860.0,170.0,200.0,5,2,0,0,1,0,13106,-70.6970665,-33.4634151
345,346,3980.0,64.0,167.0,3,1,4,0,1,0,13106,-70.6986557,-33.4706956
346,347,14529.34605,258.0,308.0,4,2,0,0,1,0,13106,-70.6822446,-33.4570796
347,348,5600.0,142.89,332.0,6,2,0,0,1,0,13106,-70.6921128,-33.4594447
348,349,3874.49228,140.0,200.0,4,2,2,0,1,0,13106,-70.7009659,-33.474514
349,350,8394.733273,86.0,510.0,3,2,0,0,1,0,13106,-70.686728,-33.4607185
350,351,4358.803815,78.0,140.0,3,1,1,0,1,0,13106,-70.68638609999999,-33.4604149
351,352,3450.0,90.0,220.0,4,1,2,0,1,0,13106,-70.7017692,-33.4712571
352,353,2905.86921,63.0,131.0,3,2,1,0,1,0,13106,-70.6989288,-33.4665146
353,354,3131.88126,120.0,200.0,4,2,0,0,1,0,13106,-70.6949067,-33.4729137
354,355,2970.444081,94.0,130.0,3,2,0,0,1,0,13106,-70.7003231,-33.4672364
355,356,4520.240993,110.0,160.0,3,1,1,1,1,0,13106,-70.700447,-33.4634076
356,357,3251.0,180.0,200.0,6,1,1,1,1,0,13106,-70.6935732,-33.469853
357,358,4358.803815,63.0,151.0,3,2,1,0,1,0,13106,-70.7293067,-33.4655463
358,359,5900.0,103.0,130.0,5,3,2,0,1,0,13106,-70.7216415,-33.46101
359,360,5327.426885,100.0,120.0,5,3,2,0,1,0,13106,-70.7222595,-33.460598
360,361,3500.0,100.0,180.0,3,2,1,0,1,0,13106,-70.7307129,-33.4673653
361,362,4843.11535,72.0,186.0,3,1,2,0,1,0,13106,-70.7134073,-33.4629459
362,363,6002.234291,120.0,150.0,5,3,3,0,1,0,13106,-70.7251041,-33.46228
363,364,3390.180745,48.0,128.0,3,2,1,0,1,0,13106,-70.7239605,-33.471749
364,365,3111.0,108.0,128.0,2,1,0,0,1,0,13106,-70.7125279,-33.4615763
365,366,6296.049955,120.0,180.0,7,3,2,0,1,0,13106,-70.723671,-33.4628258
366,367,4349.117584,96.0,155.0,5,1,3,0,1,0,13106,-70.7131101,-33.4662872
367,368,4358.803815,78.0,182.0,3,2,2,0,1,0,13106,-70.7300857,-33.465734
368,369,3950.0,48.0,124.0,3,2,0,0,1,0,13106,-70.7224058,-33.4716628
369,370,5850.0,110.0,140.0,3,3,2,0,1,0,13106,-70.7233887,-33.4609413
370,371,3713.055102,97.0,124.0,4,1,1,0,1,0,13106,-70.7279274,-33.4706842
371,372,3228.743567,83.0,130.0,2,1,1,0,1,0,13106,-70.7234256,-33.4720572
372,373,4428.0,70.0,240.0,3,1,2,1,1,0,13106,-70.720287,-33.4694475
373,374,3874.49228,80.0,290.0,3,1,2,0,1,0,13106,-70.7201777,-33.4693758
374,375,5450.0,80.5,92.5,2,1,1,1,1,0,13106,-70.7116379,-33.4629289
375,376,6895.0,80.0,300.0,3,2,3,1,1,0,13106,-70.7209891,-33.4700562
376,377,4600.0,85.0,145.0,4,2,2,0,1,0,13106,-70.7292461,-33.4691911
377,378,6300.0,201.0,226.0,5,3,2,0,1,0,13106,-70.7093309,-33.4668116
378,379,4000.0,120.0,200.0,3,2,1,0,1,0,13106,-70.7090896,-33.4702602
379,380,2990.0,77.0,162.0,3,2,1,0,1,0,13106,-70.7041186,-33.4747626
380,381,2873.581774,54.0,180.0,5,2,0,0,1,0,13106,-70.7170226,-33.4728504
381,382,3930.0,125.0,162.0,3,2,3,0,1,0,13106,-70.705925,-33.46727
382,383,4810.827914,103.0,251.0,3,1,2,1,1,0,13106,-70.7086037,-33.4683656
383,384,4200.0,80.0,120.0,3,2,1,0,1,0,13106,-70.7090896,-33.4702602
384,385,4200.0,120.0,200.0,3,2,2,0,1,0,13106,-70.707997,-33.470292
385,386,3390.180745,100.0,180.0,5,2,2,0,1,0,13106,-70.7170334,-33.4770737
386,387,2970.444081,74.0,147.0,3,2,0,0,1,0,13106,-70.7039378,-33.4746773
387,388,3990.0,70.0,170.0,4,1,1,0,1,0,13106,-70.7072727,-33.4668408
388,389,4487.953558,103.0,252.0,3,1,2,0,1,0,13106,-70.7065551,-33.468236
389,390,5165.989707,61.0,200.0,2,1,3,0,1,0,13106,-70.7111934,-33.4684481
390,391,5004.552528,95.0,162.0,3,1,0,0,1,0,13106,-70.7051485,-33.4665099
391,392,5530.0,163.0,200.0,6,3,0,0,1,0,13106,-70.7095329,-33.4738738
392,393,4160.0,189.0,189.0,2,1,2,1,1,0,13106,-70.7086513,-33.4668722
9165,9166,8150.0,112.0,425.0,6,4,4,0,1,0,13106,-70.7313308,-33.4611559
11792,11793,1750.0,25.5,25.5,1,1,0,0,0,1,13106,-70.6921651,-33.4573081
11793,11794,2078.0,25.3,25.3,1,1,0,0,0,1,13106,-70.6954832,-33.4548073
11794,11795,2485.0,33.69,33.69,1,1,0,0,0,1,13106,-70.6945966,-33.4535338
11795,11796,2225.0,32.21,32.21,1,1,0,0,0,1,13106,-70.6928874,-33.4513526
11796,11797,1994.0,28.88,28.88,1,1,0,0,0,1,13106,-70.6943863,-33.455799
11797,11798,1948.0,25.2,25.2,1,1,0,0,0,1,13106,-70.6939762,-33.4569148
11798,11799,2075.0,29.27,29.27,1,1,0,0,0,1,13106,-70.695863,-33.4577358
11799,11800,1989.0,32.01,32.01,1,1,0,0,0,1,13106,-70.695357,-33.4584119
11800,11801,1949.0,31.56,31.56,1,1,0,0,0,1,13106,-70.695894,-33.4572481
11801,11802,1990.0,30.25,30.25,1,1,0,0,0,1,13106,-70.6913194,-33.456525
11802,11803,2700.0,47.0,47.0,2,2,0,1,0,0,13106,-70.6949624,-33.4514593
11803,11804,1300.0,22.0,22.0,1,1,0,0,0,0,13106,-70.6906441,-33.4570879
11804,11805,2400.0,58.0,58.0,3,2,0,0,0,0,13106,-70.6956357,-33.456154
11805,11806,2290.0,45.0,45.0,2,1,1,1,0,0,13106,-70.6938608,-33.4528165
11806,11807,1810.0,43.0,43.0,1,1,0,0,0,0,13106,-70.6943114,-33.4528856
11807,11808,1480.0,22.0,22.0,1,1,0,0,0,0,13106,-70.6948337,-33.4514417
11808,11809,1270.0,22.4,22.4,1,1,0,0,0,0,13106,-70.6915183,-33.4561218
11809,11810,1550.0,32.0,32.0,1,1,0,0,0,0,13106,-70.69074,-33.457107
11810,11811,2753.601663,66.04,66.04,4,2,0,0,0,0,13106,-70.697984,-33.45039
11811,11812,1390.0,21.0,21.0,1,1,0,0,0,0,13106,-70.6937589,-33.4577767
11812,11813,2600.0,47.0,47.0,2,1,1,0,0,0,13106,-70.691888,-33.4571924
11813,11814,2250.0,34.18,34.18,1,1,0,0,0,0,13106,-70.6927482,-33.4531167
11814,11815,1743.198652,30.0,30.0,1,1,0,0,0,0,13106,-70.6950186,-33.4539517
11815,11816,2400.0,49.0,49.0,2,2,1,0,0,0,13106,-70.6914927,-33.4553349
11816,11817,2034.108447,43.0,43.0,2,1,0,0,0,0,13106,-70.6949088,-33.4514593
11817,11818,1598.228066,30.0,30.0,1,1,0,0,0,0,13106,-70.6914927,-33.4553349
11818,11819,2550.0,55.0,55.0,2,2,1,0,0,0,13106,-70.691752,-33.4550495
11819,11820,1775.808962,35.0,35.0,1,1,0,0,0,0,13106,-70.691449,-33.4543564
11820,11821,2260.120497,49.0,49.0,2,1,0,0,0,0,13106,-70.6915183,-33.4561218
11821,11822,1600.0,21.0,21.0,1,1,0,0,0,0,13106,-70.6943207,-33.4512444
11822,11823,2390.0,70.0,70.0,3,1,0,0,0,0,13106,-70.6937589,-33.4577767
11823,11824,2450.0,50.0,50.0,2,1,0,0,0,0,13106,-70.691752,-33.4550495
11824,11825,1678.946655,20.0,20.0,1,1,0,0,0,0,13106,-70.6905386,-33.4571688
11825,11826,2300.0,45.0,45.0,2,2,0,0,0,0,13106,-70.691788,-33.455441
11826,11827,2600.0,50.0,50.0,2,2,0,0,0,0,13106,-70.69368,-33.453178
11827,11828,2100.0,37.0,37.0,1,1,0,0,0,0,13106,-70.6967163,-33.451725
11828,11829,1800.0,23.0,23.0,1,1,1,1,0,0,13106,-70.6914573,-33.4560279
11829,11830,590.0,26.0,26.0,1,1,0,0,0,0,13106,-70.6943,-33.45123
11830,11831,2000.0,33.0,33.0,1,1,0,0,0,0,13106,-70.6940516,-33.4571713
11831,11832,1800.0,33.0,33.0,1,1,0,0,0,0,13106,-70.6912702,-33.4573914
11832,11833,2611.0,34.69,34.69,1,1,0,0,0,0,13106,-70.6942486,-33.4520826
11833,11834,1863.0,30.0,30.0,1,1,0,0,0,0,13106,-70.6977108,-33.4498531
11834,11835,2120.0,40.0,40.0,2,1,0,0,0,0,13106,-70.6977752,-33.4502617
11835,11836,1699.0,29.0,29.0,1,1,0,0,0,0,13106,-70.692245,-33.457367
11836,11837,2400.0,52.0,52.0,2,2,1,0,0,0,13106,-70.6914469,-33.4552969
11837,11838,1890.0,33.0,33.0,1,1,0,1,0,0,13106,-70.6955704,-33.4534961
11838,11839,1790.0,33.0,33.0,1,1,0,0,0,0,13106,-70.6918022,-33.457622
11839,11840,2100.0,40.0,40.0,2,1,0,0,0,0,13106,-70.6977809,-33.450314
11840,11841,2421.557675,50.0,50.0,2,2,1,0,0,0,13106,-70.691752,-33.4550495
11841,11842,1700.0,33.0,33.0,1,1,0,0,0,0,13106,-70.6906844,-33.4572695
11842,11843,1830.0,30.0,30.0,1,1,0,0,0,0,13106,-70.6977752,-33.4502617
11843,11844,3100.0,94.0,94.0,2,2,1,0,0,0,13106,-70.6916834,-33.455454
11844,11845,2400.0,40.0,40.0,2,1,0,0,0,0,13106,-70.696905,-33.4540496
11845,11846,2100.0,31.0,31.0,1,1,1,1,0,0,13106,-70.6915183,-33.4561218
11846,11847,1420.0,28.0,28.0,1,1,0,0,0,0,13106,-70.695916,-33.4538251
11847,11848,1890.0,39.0,39.0,2,1,0,0,0,0,13106,-70.695733,-33.45377
11848,11849,2582.994853,54.0,54.0,2,1,0,1,0,0,13106,-70.6918022,-33.457622
11849,11850,2450.0,48.0,48.0,2,1,1,0,0,0,13106,-70.6970987,-33.4549921
11850,11851,2300.0,55.0,55.0,2,1,1,0,0,0,13106,-70.6906441,-33.4570879
11851,11852,2180.0,37.0,37.0,1,1,0,0,0,0,13106,-70.6957156,-33.4575394
11852,11853,2570.0,50.0,50.0,2,2,1,1,0,0,13106,-70.69491,-33.45139
11853,11854,1690.0,29.0,29.0,1,1,0,0,0,0,13106,-70.695916,-33.4538251
11854,11855,1849.0,36.0,36.0,1,1,1,0,0,0,13106,-70.6963791,-33.4532398
11855,11856,1650.0,30.0,30.0,1,1,0,0,0,0,13106,-70.6914388,-33.4559274
11856,11857,1670.0,30.0,30.0,1,1,0,0,0,0,13106,-70.6906844,-33.4572695
11857,11858,1850.0,43.0,43.0,2,1,0,0,0,0,13106,-70.693486,-33.451883
11858,11859,2550.0,42.0,42.0,2,1,1,0,0,0,13106,-70.6906844,-33.4572695
11859,11860,2400.0,38.0,38.0,1,1,1,1,0,0,13106,-70.6906844,-33.4572695
11860,11861,1850.0,39.0,39.0,2,1,0,0,0,0,13106,-70.693486,-33.451883
11861,11862,1800.0,30.0,30.0,1,1,0,0,0,0,13106,-70.6977809,-33.450314
11862,11863,1500.0,25.0,25.0,1,1,1,0,0,0,13106,-70.6977809,-33.450314
11863,11864,2350.0,42.0,42.0,2,1,0,0,0,0,13106,-70.6906844,-33.4572695
11864,11865,2200.0,38.5,38.5,1,1,0,0,0,0,13106,-70.6918022,-33.457622
11865,11866,2550.707418,55.0,55.0,2,1,0,0,0,0,13106,-70.6970987,-33.4549921
11866,11867,1890.0,30.0,30.0,1,1,0,0,0,0,13106,-70.6977809,-33.450314
11867,11868,1450.0,20.0,20.0,1,1,0,0,0,0,13106,-70.6906844,-33.4572695
11868,11869,1900.0,36.0,36.0,1,1,0,0,0,0,13106,-70.6963791,-33.4532398
11869,11870,1855.0,33.09,33.09,1,1,0,0,0,0,13106,-70.6956024,-33.453392
11870,11871,2200.0,28.0,28.0,1,1,0,0,0,0,13106,-70.6943268,-33.4512356
11871,11872,2100.0,32.0,32.0,1,1,1,1,0,0,13106,-70.6906844,-33.4572695
11872,11873,2550.0,58.0,58.0,3,2,0,0,0,0,13106,-70.6955686,-33.4561752
11873,11874,1850.0,33.0,33.0,1,1,0,0,0,0,13106,-70.6955719,-33.453495
11874,11875,1690.0,33.0,33.0,1,1,0,0,0,0,13106,-70.6955719,-33.453495
11875,11876,2200.0,31.1,31.1,1,1,0,0,0,0,13106,-70.6969004,-33.4540468
11876,11877,3200.0,66.0,66.0,3,2,1,0,0,0,13106,-70.69584,-33.4573
11877,11878,2600.0,57.1,57.1,3,2,0,0,0,0,13106,-70.696167,-33.4560471
11878,11879,1900.0,25.0,25.0,1,1,0,0,0,0,13106,-70.6977809,-33.450314
11879,11880,2635.0,62.0,62.0,3,1,0,0,0,0,13106,-70.6940308,-33.455368
11880,11881,1320.0,29.0,29.0,1,1,0,0,0,0,13106,-70.6906844,-33.4572695
11881,11882,2390.0,50.0,50.0,2,1,0,0,0,0,13106,-70.6928086,-33.4544677
11882,11883,1580.0,32.0,32.0,1,1,0,0,0,0,13106,-70.6979971,-33.4499878
11883,11884,1350.0,24.0,24.0,1,1,0,1,0,0,13106,-70.6981765,-33.4499638
11884,11885,1720.0,30.0,30.0,1,1,0,0,0,0,13106,-70.6976242,-33.4498901
11885,11886,2900.0,47.0,47.0,2,2,1,1,0,0,13106,-70.6946647,-33.4539172
11886,11887,2518.419982,52.0,52.0,2,2,1,0,0,0,13106,-70.6916896,-33.4548433
11887,11888,2690.0,66.0,66.0,3,2,0,0,0,0,13106,-70.6930039,-33.4529539
11888,11889,1450.0,32.0,32.0,1,1,0,0,0,0,13106,-70.6915663,-33.4572561
11889,11890,3170.0,69.0,69.0,3,2,0,0,0,0,13106,-70.692285,-33.4575862
11890,11891,1370.0,21.0,21.0,1,1,0,0,0,0,13106,-70.6906844,-33.4572695
11891,11892,1390.0,28.0,28.0,1,1,0,0,0,0,13106,-70.6958215,-33.4539085
11892,11893,2200.0,40.2,40.2,2,1,0,0,0,0,13106,-70.6905518,-33.4572563
11893,11894,3350.0,66.0,66.0,3,2,1,0,0,0,13106,-70.69584,-33.4573
11894,11895,3170.0,62.0,62.0,3,2,1,0,0,0,13106,-70.695894,-33.4572481
11895,11896,24525.0,42.0,42.0,1,1,6,2,0,0,13106,-70.6919179,-33.4523463
11896,11897,2356.982804,50.0,50.0,2,2,0,0,0,0,13106,-70.6915435,-33.455091
11897,11898,2356.982804,46.0,46.0,2,2,1,0,0,0,13106,-70.6914444,-33.4552956
11898,11899,1899.0,29.0,29.0,1,1,0,0,0,0,13106,-70.6977809,-33.450314
11899,11900,2400.0,43.0,43.0,2,1,1,0,0,0,13106,-70.6960438,-33.453842
11900,11901,1813.0,29.0,29.0,1,1,0,0,0,0,13106,-70.6977809,-33.450314
11901,11902,2415.0,39.23,39.23,1,1,0,0,0,0,13106,-70.6945953,-33.4535332
11902,11903,2147.114472,50.0,50.0,2,2,0,0,0,0,13106,-70.6915435,-33.455091
11903,11904,1280.0,21.0,21.0,1,1,0,0,0,0,13106,-70.6971274,-33.4535734
11904,11905,1990.0,37.6,37.6,2,1,1,0,0,0,13106,-70.6959152,-33.4538269
11905,11906,2260.120497,50.0,50.0,2,2,0,0,0,0,13106,-70.6915435,-33.455091
11906,11907,2400.0,37.0,37.0,1,1,0,0,0,0,13106,-70.696785,-33.4517517
11907,11908,1700.0,32.0,32.0,1,1,0,0,0,0,13106,-70.6906815,-33.4572678
11908,11909,1300.0,21.6,21.6,1,1,0,0,0,0,13106,-70.6906815,-33.4572678
11909,11910,2518.419982,50.0,50.0,2,2,1,0,0,0,13106,-70.691752,-33.4550495
11910,11911,2744.432032,65.0,65.0,2,2,0,0,0,0,13106,-70.6949615,-33.451458
11911,11912,1370.0,24.0,24.0,1,1,0,0,0,0,13106,-70.6937589,-33.4577767
11912,11913,2605.0,43.0,43.0,2,1,1,0,0,0,13106,-70.6985099,-33.4619178
11913,11914,2389.270239,50.0,50.0,2,2,0,0,0,0,13106,-70.6915435,-33.455091
11914,11915,1725.0,32.0,32.0,1,1,0,0,0,0,13106,-70.6937943,-33.4511566
11915,11916,1800.0,31.0,31.0,1,1,0,0,0,0,13106,-70.6963603,-33.452964
11916,11917,2350.0,45.0,45.0,2,1,1,0,0,0,13106,-70.6941241,-33.4530411
11917,11918,2500.0,43.0,43.0,2,1,1,1,0,0,13106,-70.6919377,-33.4513787
11918,11919,2700.0,50.0,50.0,2,1,1,1,0,0,13106,-70.6963284,-33.4505712
11919,11920,1800.0,27.0,27.0,1,1,1,1,0,0,13106,-70.6919377,-33.4513787
11920,11921,2400.0,39.0,39.0,2,1,0,0,0,0,13106,-70.69779,-33.4503472
11921,11922,3000.0,53.0,53.0,2,2,1,0,0,0,13106,-70.6949624,-33.4514593
11922,11923,2820.0,63.0,63.0,3,2,0,0,0,0,13106,-70.6930008,-33.4529533
11923,11924,1799.0,31.0,31.0,1,1,0,0,0,0,13106,-70.6977752,-33.4502617
11924,11925,2650.0,53.0,53.0,2,2,0,0,0,0,13106,-70.6949624,-33.4514593
11925,11926,2400.0,45.0,45.0,2,1,1,0,0,0,13106,-70.6907043,-33.4570999
11926,11927,2116.0,50.0,50.0,2,2,1,0,0,0,13106,-70.6930404,-33.4529466
11927,11928,1990.0,33.07,33.07,1,1,0,0,0,0,13106,-70.695436,-33.4537205
11928,11929,1930.0,30.8,30.8,1,1,0,0,0,0,13106,-70.696861,-33.454231
11929,11930,2790.0,43.0,43.0,2,2,0,0,0,0,13106,-70.6951426,-33.453897
11930,11931,1549.796912,29.0,29.0,1,1,0,0,0,0,13106,-70.6958089,-33.4539934
11931,11932,2615.282289,57.0,57.0,3,1,1,0,0,0,13106,-70.6956329,-33.4561539
11932,11933,2350.0,38.0,38.0,1,1,1,0,0,0,13106,-70.6923152,-33.4573232
11933,11934,1775.808962,38.0,38.0,2,1,0,0,0,0,13106,-70.6914388,-33.4559274
11934,11935,1900.0,30.75,30.75,1,1,0,0,0,0,13106,-70.69503,-33.454151
11935,11936,2350.0,47.0,47.0,2,1,0,0,0,0,13106,-70.6951065,-33.4514046
11936,11937,2400.0,45.0,45.0,3,1,1,0,0,0,13106,-70.6906844,-33.4572695
11937,11938,1452.934605,32.0,32.0,1,1,0,0,0,0,13106,-70.6906844,-33.4572695
11938,11939,2150.0,41.0,41.0,2,1,0,0,0,0,13106,-70.6906441,-33.4570879
11939,11940,1599.0,27.0,27.0,1,1,0,0,0,0,13106,-70.6919377,-33.4513787
11940,11941,2430.0,58.0,58.0,2,1,0,0,0,0,13106,-70.691752,-33.4550495
11941,11942,1420.0,25.0,25.0,1,1,0,0,0,0,13106,-70.6913632,-33.4560348
11942,11943,2540.0,50.0,50.0,2,2,0,0,0,0,13106,-70.6912284,-33.4571174
11943,11944,2490.0,54.0,54.0,2,1,0,0,0,0,13106,-70.6919075,-33.4547317
11944,11945,2200.0,42.0,42.0,2,1,1,0,0,0,13106,-70.6958237,-33.453907
11945,11946,1985.0,30.08,30.08,1,1,0,0,0,0,13106,-70.6950302,-33.4541512
11946,11947,2500.0,50.0,50.0,2,1,0,0,0,0,13106,-70.6949615,-33.451458
11947,11948,2305.0,43.7,43.7,2,1,0,0,0,0,13106,-70.6979971,-33.4499878
11948,11949,2507.0,40.96,40.96,2,1,1,0,0,0,13106,-70.6950302,-33.4541512
11949,11950,2300.0,42.0,42.0,2,1,1,0,0,0,13106,-70.6959365,-33.4536591
11950,11951,2399.0,50.0,50.0,2,1,0,0,0,0,13106,-70.691752,-33.4550495
11951,11952,2250.0,36.5,36.5,1,1,0,0,0,0,13106,-70.6931033,-33.4513425
11952,11953,2550.0,60.0,60.0,2,2,1,0,0,0,13106,-70.691752,-33.4550495
11953,11954,2130.970754,46.0,46.0,2,1,0,0,0,0,13106,-70.6914305,-33.455371
11954,11955,1990.0,43.0,43.0,1,1,0,0,0,0,13106,-70.6963791,-33.4532398
11955,11956,2300.0,41.0,41.0,2,1,0,0,0,0,13106,-70.6915485,-33.4555411
11956,11957,1700.0,37.0,37.0,1,1,0,0,0,0,13106,-70.6918022,-33.457622
11957,11958,1700.0,37.0,37.0,1,1,0,0,0,0,13106,-70.6969004,-33.4540468
11958,11959,2050.0,35.0,35.0,1,1,0,0,0,0,13106,-70.6963791,-33.4532398
11959,11960,1800.0,32.0,32.0,1,1,0,0,0,0,13106,-70.6914368,-33.4559288
11960,11961,2200.0,35.0,35.0,1,1,0,0,0,0,13106,-70.6923008,-33.454136
11961,11962,2525.0,46.7,46.7,2,1,0,0,0,0,13106,-70.690384,-33.45643
11962,11963,6308.0,33.0,33.0,1,1,0,0,0,0,13106,-70.6931742,-33.4545443
11963,11964,2323.0,39.9,39.9,2,1,1,0,0,0,13106,-70.6978065,-33.4504388
11964,11965,2491.0,43.7,43.7,2,1,0,0,0,0,13106,-70.6979971,-33.4499878
11965,11966,2149.0,38.0,38.0,2,1,1,0,0,0,13106,-70.6941779,-33.454389
11966,11967,2242.0,43.7,43.7,2,1,0,0,0,0,13106,-70.6979971,-33.4499878
11967,11968,2590.0,44.73,44.73,2,2,1,0,0,0,13106,-70.6940516,-33.4571713
11968,11969,1800.0,31.0,31.0,1,1,0,0,0,0,13106,-70.6906844,-33.4572695
11969,11970,1500.0,25.0,25.0,1,1,0,0,0,0,13106,-70.691752,-33.4550495
11970,11971,1800.0,34.0,34.0,1,1,0,0,0,0,13106,-70.691752,-33.4550495
11971,11972,1900.0,32.0,32.0,1,1,1,0,0,0,13106,-70.6955704,-33.4534961
11972,11973,2275.0,41.0,41.0,2,1,1,0,0,0,13106,-70.6906441,-33.4570879
11973,11974,2100.0,39.0,39.0,2,1,0,0,0,0,13106,-70.695916,-33.4538251
11974,11975,2453.845111,43.0,43.0,2,2,1,0,0,0,13106,-70.6940516,-33.4571713
11975,11976,2794.0,43.7,43.7,2,1,1,0,0,0,13106,-70.6979971,-33.4499878
11976,11977,1800.0,30.0,30.0,1,1,1,0,0,0,13106,-70.6912284,-33.4571174
11977,11978,2245.0,44.0,44.0,2,1,0,0,0,0,13106,-70.6978065,-33.4504388
11978,11979,1950.0,34.0,34.0,1,1,0,0,0,0,13106,-70.6916876,-33.4551393
11979,11980,2350.0,40.0,40.0,2,1,1,0,0,0,13106,-70.6914833,-33.4560412
11980,11981,1561.0,24.7,24.7,1,1,0,0,0,0,13106,-70.6979971,-33.4499878
11981,11982,2433.0,43.7,43.7,2,1,0,0,0,0,13106,-70.6979971,-33.4499878
11982,11983,1620.0,29.0,29.0,1,1,0,0,0,0,13106,-70.6959152,-33.4538269
11983,11984,2690.0,35.0,35.0,1,1,0,0,0,0,13106,-70.6928841,-33.4540362
11984,11985,1680.0,25.0,25.0,1,1,0,0,0,0,13106,-70.6938268,-33.453221
11985,11986,2242.0,40.0,40.0,2,1,0,0,0,0,13106,-70.6977809,-33.450314
11986,11987,1400.0,22.0,22.0,1,1,0,0,0,0,13106,-70.6906815,-33.4572678
11987,11988,1450.0,54.0,54.0,1,1,0,0,0,0,13106,-70.691864,-33.4560127
11988,11989,1380.0,25.0,25.0,1,1,0,0,0,0,13106,-70.6914163,-33.455999
11989,11990,1760.0,36.24,36.24,1,1,0,0,0,0,13106,-70.6930039,-33.4529539
11990,11991,2000.0,30.0,30.0,1,1,0,0,0,0,13106,-70.6965131,-33.4512446
11991,11992,2350.0,48.0,48.0,2,1,0,0,0,0,13106,-70.6977809,-33.450314
11992,11993,2390.0,49.0,49.0,2,1,0,0,0,0,13106,-70.6977809,-33.450314
11993,11994,2089.0,40.0,40.0,2,1,1,0,0,0,13106,-70.6978065,-33.4504388
11994,11995,1646.336345,32.0,32.0,1,1,0,0,0,0,13106,-70.6913351,-33.4559283
11995,11996,2803.0,51.0,51.0,2,2,1,0,0,0,13106,-70.6911517,-33.4546519
11996,11997,2420.0,45.0,45.0,2,2,0,0,0,0,13106,-70.6930039,-33.4529539
11997,11998,1875.0,30.7,30.7,1,1,1,0,0,0,13106,-70.6978065,-33.4504388
11998,11999,2200.0,47.0,47.0,2,1,0,0,0,0,13106,-70.6913386,-33.4550105
11999,12000,1500.0,54.0,54.0,1,1,0,0,0,0,13106,-70.691864,-33.4560127
12000,12001,1329.0,22.0,22.0,1,1,0,0,0,0,13106,-70.6977809,-33.450314
12001,12002,1290.0,21.0,21.0,1,1,0,0,0,0,13106,-70.6960116,-33.4537528
12002,12003,2200.0,41.0,41.0,2,1,0,0,0,0,13106,-70.6906441,-33.4570879
12003,12004,1700.0,28.11,28.11,1,1,1,0,0,0,13106,-70.6912284,-33.4571174
12004,12005,2200.0,42.0,42.0,2,1,0,0,0,0,13106,-70.6941867,-33.4509478
12005,12006,1480.0,26.0,26.0,1,1,0,0,0,0,13106,-70.6949615,-33.451458
12006,12007,1356.072298,24.0,24.0,1,1,0,0,0,0,13106,-70.6979971,-33.4499878
12007,12008,1730.0,28.51,28.51,1,1,1,0,0,0,13106,-70.6922926,-33.454143
12008,12009,1830.0,30.7,30.7,1,1,1,0,0,0,13106,-70.6978065,-33.4504388
12009,12010,2362.0,37.0,37.0,2,1,0,0,0,0,13106,-70.6978065,-33.4504388
12010,12011,1700.0,28.0,28.0,1,1,0,0,0,0,13106,-70.6922926,-33.454143
12011,12012,1265.0,22.0,22.0,1,1,0,0,0,0,13106,-70.6906433,-33.4570885
12012,12013,1540.0,29.0,29.0,1,1,0,0,0,0,13106,-70.6979971,-33.4499878
12013,12014,1900.0,34.0,34.0,1,1,0,0,0,0,13106,-70.691752,-33.4550495
12014,12015,1850.0,36.4,36.4,2,1,0,0,0,0,13106,-70.6922926,-33.454143
12015,12016,3305.0,52.09,52.09,2,1,0,0,0,0,13106,-70.6909855,-33.4545443
12016,12017,2347.0,44.0,44.0,2,1,0,0,0,0,13106,-70.6978065,-33.4504388
12017,12018,2608.0,43.0,43.0,2,1,1,0,0,0,13106,-70.6911517,-33.4546519
12018,12019,2421.557675,50.0,50.0,2,1,0,0,0,0,13106,-70.6917895,-33.4548503
12019,12020,1756.4365,33.0,33.0,1,1,0,0,0,0,13106,-70.6930039,-33.4529539
12020,12021,1452.934605,23.0,23.0,1,1,0,0,0,0,13106,-70.6943268,-33.4512356
12021,12022,1512.0,24.7,24.7,1,1,0,0,0,0,13106,-70.6979971,-33.4499878
12022,12023,3550.0,59.19,59.19,2,2,0,0,0,0,13106,-70.6909855,-33.4545443
12023,12024,1857.0,29.8,29.8,1,1,0,0,0,0,13106,-70.6978065,-33.4504388
12024,12025,2200.0,40.0,40.0,2,1,0,0,0,0,13106,-70.6969004,-33.4540468
12025,12026,2421.557675,53.0,53.0,2,2,1,0,0,0,13106,-70.6914444,-33.4552956
12026,12027,2100.0,47.0,47.0,2,1,0,0,0,0,13106,-70.694287,-33.451212
12027,12028,4000.0,56.0,56.0,3,2,0,0,0,0,13106,-70.6963677,-33.4530401
12028,12029,1900.0,31.0,31.0,1,1,0,0,0,0,13106,-70.6955704,-33.4534961
12029,12030,1500.0,22.0,22.0,1,1,0,0,0,0,13106,-70.6902009,-33.4569143
12030,12031,2521.0,110.0,110.0,2,1,0,0,0,0,13106,-70.6913223,-33.4565239
12031,12032,2800.0,50.0,50.0,2,2,1,0,0,0,13106,-70.6918482,-33.4550301
12032,12033,2100.0,36.0,36.0,1,1,0,1,0,0,13106,-70.6951829,-33.4566712
12033,12034,1419.0,22.0,22.0,1,1,0,0,0,0,13106,-70.6977809,-33.450314
12034,12035,2048.0,29.8,29.8,1,1,0,0,0,0,13106,-70.6978065,-33.4504388
12035,12036,2290.0,40.0,40.0,2,1,0,0,0,0,13106,-70.6977809,-33.450314
12036,12037,1711.23409,34.0,34.0,1,1,0,0,0,0,13106,-70.6917788,-33.4548512
12037,12038,1700.0,32.12,32.12,1,1,0,0,0,0,13106,-70.6943268,-33.4512356
12038,12039,1700.0,31.0,31.0,1,1,0,0,0,0,13106,-70.6907146,-33.4570594
12039,12040,2245.0,43.5,43.5,2,1,0,0,0,0,13106,-70.6978065,-33.4504388
12040,12041,2507.0,42.0,42.0,2,1,0,0,0,0,13106,-70.6951295,-33.4538943
12041,12042,1226.922555,20.0,20.0,1,1,0,0,0,0,13106,-70.6941502,-33.4529425
12042,12043,1775.808962,36.0,36.0,2,1,0,0,0,0,13106,-70.6912284,-33.4571174
12043,12044,1900.0,29.6,29.6,1,1,0,0,0,0,13106,-70.692607,-33.4562876
12044,12045,2600.0,56.0,56.0,2,2,0,0,0,0,13106,-70.696674,-33.451741
12045,12046,1920.0,35.0,35.0,1,1,0,0,0,0,13106,-70.6930039,-33.4529539
12046,12047,10980.0,48.0,48.0,2,2,0,0,0,0,13106,-70.6918085,-33.4544509
12047,12048,1750.0,32.12,32.12,1,1,0,0,0,0,13106,-70.6943268,-33.4512356
12048,12049,2200.0,43.0,43.0,2,1,0,0,0,0,13106,-70.6946495,-33.4583387
12049,12050,1827.0,36.24,36.24,1,1,0,0,0,0,13106,-70.6933606,-33.4530067
12050,12051,2250.0,43.0,43.0,2,1,0,0,0,0,13106,-70.6934893,-33.4521014
12051,12052,2050.0,50.0,50.0,2,1,0,0,0,0,13106,-70.6915896,-33.4558248
12052,12053,1991.0,31.6,31.6,1,1,0,0,0,0,13106,-70.6979971,-33.4499878
12053,12054,1950.0,30.0,30.0,1,1,0,0,0,0,13106,-70.6977809,-33.450314
12054,12055,2450.0,99.0,99.0,2,2,2,0,0,0,13106,-70.6934893,-33.4521014
12055,12056,1600.0,30.0,30.0,1,1,0,0,0,0,13106,-70.6906844,-33.4572695
12056,12057,2170.0,34.84,34.84,1,1,0,0,0,0,13106,-70.692063,-33.457254
12057,12058,1806.0,29.8,29.8,1,1,0,0,0,0,13106,-70.6977809,-33.450314
12058,12059,1849.0,29.8,29.8,1,1,0,0,0,0,13106,-70.6977809,-33.450314
12059,12060,1580.0,29.0,29.0,1,1,0,0,0,0,13106,-70.6960927,-33.453858
12060,12061,2000.0,33.0,33.0,1,1,0,0,0,0,13106,-70.6951295,-33.4538943
12061,12062,1550.0,29.0,29.0,1,1,0,0,0,0,13106,-70.6960927,-33.453858
12062,12063,1900.0,30.0,30.0,1,1,0,0,0,0,13106,-70.6977768,-33.4502602
12063,12064,1950.0,36.0,36.0,1,1,0,0,0,0,13106,-70.6927548,-33.4531615
12064,12065,1570.0,29.0,29.0,1,1,0,0,0,0,13106,-70.6960927,-33.453858
12065,12066,1530.0,33.0,33.0,1,1,0,0,0,0,13106,-70.6924295,-33.4553981
12066,12067,2323.0,40.0,40.0,2,1,1,0,0,0,13106,-70.6977809,-33.450314
12067,12068,1700.0,20.52,20.52,1,1,0,0,0,0,13106,-70.694321,-33.451244
12068,12069,1259.209991,25.0,25.0,1,1,0,0,0,0,13106,-70.6914573,-33.4560279
12069,12070,1921.0,30.0,30.0,1,1,0,0,0,0,13106,-70.691493,-33.4560359
12070,12071,1700.0,20.0,20.0,1,1,0,0,0,0,13106,-70.6965131,-33.4512446
12071,12072,1874.0,33.0,33.0,1,1,0,0,0,0,13106,-70.6978065,-33.4504388
12072,12073,2658.0,44.0,44.0,2,1,0,0,0,0,13106,-70.6979971,-33.4499878
12073,12074,1639.0,32.19,32.19,1,1,0,0,0,0,13106,-70.691493,-33.4560359
12074,12075,1836.0,30.7,30.7,1,1,0,0,0,0,13106,-70.69779,-33.450347
12075,12076,2091.0,40.0,40.0,2,1,0,0,0,0,13106,-70.697793,-33.450381
12076,12077,1716.0,29.0,29.0,1,1,0,0,0,0,13106,-70.6978065,-33.4504388
12077,12078,1877.0,30.7,30.7,1,1,0,0,0,0,13106,-70.6978065,-33.4504388
12078,12079,2498.0,44.0,44.0,2,1,1,0,0,0,13106,-70.6977809,-33.450314
12079,12080,1857.0,30.0,30.0,1,1,0,0,0,0,13106,-70.6978065,-33.4504388
12080,12081,2624.0,47.0,47.0,2,1,0,0,0,0,13106,-70.6978065,-33.4504388
12081,12082,1880.0,33.0,33.0,1,1,0,0,0,0,13106,-70.6978065,-33.4504388
12082,12083,1800.0,22.0,22.0,1,1,0,0,0,0,13106,-70.6965131,-33.4512446
12083,12084,1912.0,35.6,35.6,1,1,0,0,0,0,13106,-70.6921651,-33.4573081
12084,12085,2118.0,28.0,28.0,1,1,0,0,0,0,13106,-70.6979971,-33.4499878
12085,12086,1824.0,29.0,29.0,1,1,0,0,0,0,13106,-70.6977809,-33.450314
12086,12087,2297.0,44.0,44.0,2,1,0,0,0,0,13106,-70.6978065,-33.4504388
12087,12088,1485.0,24.0,24.0,1,1,0,0,0,0,13106,-70.6969757,-33.4512711
12088,12089,1800.0,34.0,34.0,1,1,0,0,0,0,13106,-70.6969004,-33.4540468
12089,12090,1500.0,20.52,20.52,1,1,0,0,0,0,13106,-70.6943268,-33.4512356
12090,12091,1870.0,30.0,30.0,1,1,1,0,0,0,13106,-70.6915183,-33.4561218
12091,12092,1900.0,35.0,35.0,1,1,0,0,0,0,13106,-70.6917413,-33.4550335
12092,12093,1990.0,35.57,35.57,1,1,0,0,0,0,13106,-70.692063,-33.457254
12093,12094,2600.0,52.0,52.0,2,2,1,0,0,0,13106,-70.6918,-33.4551
12094,12095,2050.0,42.0,42.0,2,1,0,0,0,0,13106,-70.6914573,-33.4560279
12095,12096,2290.0,55.0,55.0,2,2,0,0,0,0,13106,-70.6914469,-33.4552969
12096,12097,1640.0,25.0,25.0,1,1,0,0,0,0,13106,-70.6930404,-33.4529466
12097,12098,2000.0,37.0,37.0,1,1,0,0,0,0,13106,-70.6966324,-33.4524765
12098,12099,2613.0,50.0,50.0,2,2,0,0,0,0,13106,-70.6932482,-33.4545762
12099,12100,1460.0,28.11,28.11,1,1,0,0,0,0,13106,-70.6912284,-33.4571174
12100,12101,2468.0,44.0,44.0,2,1,0,0,0,0,13106,-70.6932482,-33.4545762
12101,12102,1581.0,31.03,31.03,1,1,0,0,0,0,13106,-70.691493,-33.4560359
12102,12103,1700.0,29.0,29.0,1,1,0,0,0,0,13106,-70.6914368,-33.4559288
12103,12104,2587.0,54.0,54.0,2,1,0,0,0,0,13106,-70.691752,-33.4550495
12104,12105,2250.0,42.0,42.0,2,2,1,0,0,0,13106,-70.6977809,-33.450314
12105,12106,2209.0,33.0,33.0,1,1,0,0,0,0,13106,-70.6932482,-33.4545762
12106,12107,2558.0,45.0,45.0,2,2,1,0,0,0,13106,-70.6940516,-33.4571713
12107,12108,2325.0,43.7,43.7,2,1,0,0,0,0,13106,-70.6979971,-33.4499878
12108,12109,3196.456131,67.0,67.0,3,2,1,0,0,0,13106,-70.6936825,-33.4533119
12109,12110,1450.0,22.0,22.0,1,1,0,0,0,0,13106,-70.6909446,-33.4568947
12110,12111,2400.0,51.0,51.0,2,1,0,0,0,0,13106,-70.69488,-33.45335
12111,12112,1498.0,22.0,22.0,1,1,0,0,0,0,13106,-70.6977752,-33.4502617
12112,12113,1226.922555,21.0,21.0,1,1,0,0,0,0,13106,-70.6907106,-33.4571713
12113,12114,1249.0,20.0,20.0,1,1,0,1,0,0,13106,-70.6943114,-33.4528856
12114,12115,1420.647169,30.0,30.0,1,1,0,0,0,0,13106,-70.695916,-33.4538251
12115,12116,2600.0,45.0,45.0,2,2,0,0,0,0,13106,-70.6951294,-33.4538956
12116,12117,2200.0,50.0,50.0,2,2,0,0,0,0,13106,-70.6914469,-33.4552969
12117,12118,2050.0,45.0,45.0,2,1,0,0,0,0,13106,-70.6951065,-33.4514046
12118,12119,2150.0,40.0,40.0,2,1,0,0,0,0,13106,-70.6977752,-33.4502617
12119,12120,1600.0,28.0,28.0,1,1,0,0,0,0,13106,-70.6914902,-33.4560356
12120,12121,3150.0,45.0,45.0,2,1,1,0,0,0,13106,-70.6927643,-33.4531059
12121,12122,1497.0,23.6,23.6,1,1,0,0,0,0,13106,-70.6979971,-33.4499878
12122,12123,1549.474038,35.0,35.0,1,1,0,0,0,0,13106,-70.6963806,-33.4532394
12123,12124,1521.0,24.0,24.0,1,1,0,0,0,0,13106,-70.6979971,-33.4499878
12124,12125,2250.0,31.0,31.0,1,1,0,0,0,0,13106,-70.6943137,-33.4511551
12125,12126,1410.0,25.0,25.0,1,1,0,0,0,0,13106,-70.6949615,-33.451458
12126,12127,1561.0,23.6,23.6,1,1,0,0,0,0,13106,-70.6979971,-33.4499878
12127,12128,2300.0,45.0,45.0,2,1,0,0,0,0,13106,-70.6951065,-33.4514046
12128,12129,1259.209991,20.0,20.0,1,1,0,0,0,0,13106,-70.6960449,-33.4538422
12129,12130,2300.0,41.0,41.0,2,1,0,1,0,0,13106,-70.6934557,-33.4521543
12130,12131,1950.0,32.0,32.0,1,1,0,0,0,0,13106,-70.6965131,-33.4512446
12131,12132,1300.0,26.0,26.0,1,1,0,0,0,0,13106,-70.6906844,-33.4572695
12132,12133,2490.0,47.14,47.14,2,2,0,0,0,0,13106,-70.6912968,-33.457398
12133,12134,1891.0,31.6,31.6,1,1,0,0,0,0,13106,-70.6979971,-33.4499878
12134,12135,2000.0,40.0,40.0,1,1,0,0,0,0,13106,-70.691838,-33.4577825
12135,12136,1870.0,30.8,30.8,1,1,0,0,0,0,13106,-70.6956031,-33.4533919
12136,12137,2450.0,40.8,40.8,2,1,0,0,0,0,13106,-70.6968609,-33.4542149
12137,12138,2647.569725,67.0,67.0,3,2,0,0,0,0,13106,-70.6933594,-33.4530067
12138,12139,2100.0,45.0,45.0,2,1,0,0,0,0,13106,-70.6914573,-33.4560279
12139,12140,1590.0,30.0,30.0,1,1,0,0,0,0,13106,-70.6959152,-33.4538269
12140,12141,1780.0,28.37,28.37,1,1,0,0,0,0,13106,-70.6940194,-33.4526415
12141,12142,2000.0,39.0,39.0,1,1,0,0,0,0,13106,-70.6918022,-33.457622
12142,12143,1800.0,33.0,33.0,1,1,0,0,0,0,13106,-70.6969004,-33.4540468
12143,12144,1900.0,30.0,30.0,1,1,0,0,0,0,13106,-70.691483,-33.455917
12144,12145,1670.0,28.0,28.0,1,1,0,0,0,0,13106,-70.691752,-33.4550495
12145,12146,2352.0,52.21,52.21,2,1,0,0,0,0,13106,-70.6912968,-33.457398
12146,12147,2450.0,45.0,45.0,2,1,0,0,0,0,13106,-70.6927548,-33.4531615
12147,12148,1700.0,27.0,27.0,1,1,0,0,0,0,13106,-70.6918271,-33.4551035
12148,12149,2636.0,47.41,47.41,2,2,0,0,0,0,13106,-70.6927935,-33.4569196
12149,12150,2464.0,39.23,39.23,1,1,0,0,0,0,13106,-70.6945966,-33.4535338
12150,12151,2450.0,40.0,40.0,1,1,1,0,0,0,13106,-70.6968903,-33.4540658
12151,12152,1950.0,31.0,31.0,1,1,0,0,0,0,13106,-70.691658,-33.4555893
12152,12153,1678.946655,27.0,27.0,1,1,0,0,0,0,13106,-70.6915765,-33.4556224
12153,12154,2600.0,54.0,54.0,2,2,0,0,0,0,13106,-70.691803,-33.4576225
12154,12155,2896.0,45.39,45.39,2,2,0,0,0,0,13106,-70.6939937,-33.4521458
12155,12156,2195.545625,30.0,30.0,1,1,1,0,0,0,13106,-70.6963284,-33.4505712
12156,12157,2270.0,36.96,36.96,1,1,0,0,0,0,13106,-70.6913194,-33.456525
12157,12158,1930.0,30.0,30.0,1,1,0,0,0,0,13106,-70.6968536,-33.4541397
12158,12159,2200.0,38.0,38.0,2,1,0,0,0,0,13106,-70.6906441,-33.4570879
12159,12160,2000.0,38.0,38.0,1,1,0,0,0,0,13106,-70.6914825,-33.4559784
12160,12161,1600.0,32.0,32.0,1,1,0,0,0,0,13106,-70.6906815,-33.4572678
12161,12162,2455.0,48.17,48.17,2,2,0,0,0,0,13106,-70.6935501,-33.4543571
12162,12163,1700.0,40.0,40.0,1,1,0,0,0,0,13106,-70.6978349,-33.4492121
12163,12164,1990.0,40.0,40.0,1,1,0,0,0,0,13106,-70.6967163,-33.451725
12164,12165,2500.0,47.0,47.0,2,2,0,0,0,0,13106,-70.6925583,-33.4481468
12165,12166,2100.0,48.0,48.0,1,2,0,0,0,0,13106,-70.6917725,-33.4550552
12166,12167,1800.0,29.0,29.0,1,1,0,0,0,0,13106,-70.696907,-33.4540482
12167,12168,2200.0,54.0,54.0,2,1,0,0,0,0,13106,-70.696907,-33.4540482
12168,12169,1800.0,33.0,33.0,1,1,0,0,0,0,13106,-70.6964954,-33.4522745
12169,12170,1340.0,22.0,22.0,1,1,0,0,0,0,13106,-70.6906815,-33.4572678
12170,12171,2810.0,42.0,42.0,2,1,1,0,0,0,13106,-70.691493,-33.4560359
12171,12172,2650.0,43.0,43.0,2,1,0,0,0,0,13106,-70.6934891,-33.4521027
12172,12173,1350.0,23.0,23.0,1,1,0,0,0,0,13106,-70.6906815,-33.4572678
12173,12174,2248.0,44.0,44.0,2,1,0,0,0,0,13106,-70.6978065,-33.4504388
12174,12175,2450.0,43.0,43.0,2,1,0,0,0,0,13106,-70.6945419,-33.4535065
12175,12176,2150.0,33.0,33.0,1,1,0,0,0,0,13106,-70.6941867,-33.4509478
12176,12177,1990.0,33.84,33.84,1,1,0,0,0,0,13106,-70.6920199,-33.45748
12177,12178,2200.0,34.0,34.0,2,1,0,0,0,0,13106,-70.6969004,-33.4540468
12178,12179,1992.0,35.0,35.0,1,1,0,0,0,0,13106,-70.6927873,-33.4568601
12179,12180,1950.0,31.0,31.0,1,1,0,0,0,0,13106,-70.6977809,-33.450314
12180,12181,3200.0,59.0,59.0,2,2,0,0,0,0,13106,-70.6918587,-33.4574857
12181,12182,1990.0,41.0,41.0,1,1,0,0,0,0,13106,-70.6967163,-33.451725
12182,12183,1990.0,36.0,36.0,1,1,0,0,0,0,13106,-70.6940765,-33.4571686
12183,12184,1400.0,20.0,20.0,1,1,0,0,0,0,13106,-70.6964811,-33.4533324
12184,12185,1330.0,21.0,21.0,1,1,0,0,0,0,13106,-70.6911353,-33.4550203
12185,12186,2421.557675,42.0,42.0,2,1,0,0,0,0,13106,-70.691752,-33.4550495
12186,12187,2850.0,60.0,60.0,2,2,0,0,0,0,13106,-70.6918022,-33.457622
12187,12188,1350.0,20.0,20.0,1,1,0,0,0,0,13106,-70.694313,-33.4528847
12188,12189,1290.0,20.0,20.0,1,1,0,0,0,0,13106,-70.6916945,-33.4572669
12189,12190,1600.0,23.0,23.0,1,1,0,0,0,0,13106,-70.6943244,-33.4512446
12190,12191,2130.0,38.0,38.0,1,1,0,0,0,0,13106,-70.6924744,-33.4539185
12191,12192,1850.0,37.0,37.0,1,1,0,0,0,0,13106,-70.691493,-33.4560359
12192,12193,1870.0,33.07,33.07,1,1,0,0,0,0,13106,-70.6938651,-33.4532165
12193,12194,2414.0,43.0,43.0,2,1,0,0,0,0,13106,-70.6946934,-33.4499441
12194,12195,2250.0,53.0,53.0,2,1,0,0,0,0,13106,-70.6940536,-33.4571724
12195,12196,2700.0,30.0,30.0,2,1,1,1,0,0,13106,-70.6911808,-33.4545891
12196,12197,1820.0,31.8,31.8,1,1,0,0,0,0,13106,-70.6917283,-33.4580149
12197,12198,1967.0,29.15,29.15,1,1,0,0,0,0,13106,-70.6945218,-33.4504884
12198,12199,2650.0,42.0,42.0,2,1,1,1,0,0,13106,-70.6914573,-33.4560279
12199,12200,2174.0,45.0,45.0,2,1,0,0,0,0,13106,-70.6927818,-33.4567714
12200,12201,1680.0,29.4,29.4,1,1,0,0,0,0,13106,-70.6917283,-33.4580149
12201,12202,1800.0,36.0,36.0,1,1,0,0,0,0,13106,-70.6930008,-33.4529533
12202,12203,1806.0,31.8,31.8,1,1,0,0,0,0,13106,-70.6917283,-33.4580149
12203,12204,6250.0,33.56,33.56,1,1,0,0,0,0,13106,-70.6911808,-33.4545891
12204,12205,2490.0,44.0,44.0,2,1,0,1,0,0,13106,-70.6949624,-33.4514593
12205,12206,1300.0,23.0,23.0,1,1,0,0,0,0,13106,-70.6915207,-33.4561234
12206,12207,1650.0,22.57,22.57,1,1,0,0,0,0,13106,-70.6943244,-33.4512446
12207,12208,1390.0,22.6,22.6,1,1,0,0,0,0,13106,-70.6915183,-33.4561218
12208,12209,1800.0,29.0,29.0,1,1,0,0,0,0,13106,-70.6914444,-33.4560242
12209,12210,1780.0,30.0,30.0,1,1,0,0,0,0,13106,-70.6946845,-33.4561902
12210,12211,2100.0,36.0,36.0,1,1,0,1,0,0,13106,-70.6963791,-33.4532398
12211,12212,1700.0,22.4,22.4,1,1,0,0,0,0,13106,-70.6923066,-33.4564309
12212,12213,2050.0,34.8,34.8,1,1,0,0,0,0,13106,-70.6931033,-33.4513425
12213,12214,1790.0,30.0,30.0,1,1,0,0,0,0,13106,-70.6946845,-33.4561902
12214,12215,2153.0,40.0,40.0,2,1,0,0,0,0,13106,-70.694073,-33.4529237
12215,12216,1370.0,22.6,22.6,1,1,0,0,0,0,13106,-70.6915183,-33.4561218
12216,12217,3325.605874,55.0,55.0,2,2,1,1,0,0,13106,-70.6956822,-33.4573413
12217,12218,2896.0,45.0,45.0,2,2,1,0,0,0,13106,-70.6951362,-33.4523028
12218,12219,2415.0,39.0,39.0,1,1,0,0,0,0,13106,-70.694756,-33.453369
12219,12220,3308.0,45.0,45.0,2,2,0,0,0,0,13106,-70.6939937,-33.4521458
12220,12221,2443.0,31.0,31.0,1,1,0,0,0,0,13106,-70.6939937,-33.4521458
12221,12222,1330.0,21.3,21.3,1,1,0,0,0,0,13106,-70.6922926,-33.454143
12222,12223,2944.0,44.0,44.0,2,1,1,0,0,0,13106,-70.6941528,-33.4512787
12223,12224,1450.0,28.0,28.0,1,1,0,1,0,0,13106,-70.691493,-33.4560359
12224,12225,11100.0,32.0,32.0,1,1,0,0,0,0,13106,-70.6937937,-33.4553076
12225,12226,1850.0,32.62,32.62,1,1,0,0,0,0,13106,-70.6912702,-33.4573914
12226,12227,2407.0,24.0,24.0,1,1,0,0,0,0,13106,-70.6939937,-33.4521458
12227,12228,2696.0,47.41,47.41,2,2,0,1,0,0,13106,-70.6927935,-33.4569196
12228,12229,1520.0,29.29,29.29,1,1,0,0,0,0,13106,-70.6922926,-33.454143
12229,12230,1880.0,31.0,31.0,1,1,0,0,0,0,13106,-70.6972196,-33.4547501
12230,12231,2050.0,30.0,30.0,1,1,0,0,0,0,13106,-70.693174,-33.45454
12231,12232,2900.0,30.0,30.0,2,2,1,1,0,0,13106,-70.6911808,-33.4545891
12232,12233,2480.0,42.0,42.0,2,1,1,0,0,0,13106,-70.6906441,-33.4570879
12233,12234,2075.0,34.0,34.0,1,1,0,0,0,0,13106,-70.6958795,-33.4578439
12234,12235,2048.0,31.4,31.4,1,1,0,0,0,0,13106,-70.6977809,-33.450314
12235,12236,2400.0,31.0,31.0,1,1,1,1,0,0,13106,-70.6963603,-33.452964
12236,12237,1424.0,22.0,22.0,1,1,0,0,0,0,13106,-70.6978065,-33.4504388
12237,12238,2482.0,30.0,30.0,2,1,0,0,0,0,13106,-70.6978065,-33.4504388
12238,12239,1806.0,29.0,29.0,1,1,0,0,0,0,13106,-70.6978065,-33.4504388
12239,12240,1423.0,22.0,22.0,1,1,0,0,0,0,13106,-70.6978065,-33.4504388
12240,12241,9600.0,35.0,35.0,1,1,0,0,0,0,13106,-70.695916,-33.4538251
12241,12242,1940.0,30.0,30.0,1,1,0,0,0,0,13106,-70.6914573,-33.4560279
12242,12243,2800.0,40.02,40.02,2,1,0,0,0,0,13106,-70.6906815,-33.4572678
12243,12244,2550.0,45.55,45.55,2,1,0,0,0,0,13106,-70.6958923,-33.4572487
12244,12245,9686.2307,50.0,50.0,2,2,0,0,0,0,13106,-70.6966019,-33.4576454
12245,12246,2996.27403,66.0,66.0,2,2,1,0,0,0,13106,-70.6914469,-33.4552969
12246,12247,2300.0,56.0,56.0,2,2,2,0,0,0,13106,-70.6933767,-33.4531261
12247,12248,1850.0,37.0,37.0,2,1,1,1,0,0,13106,-70.695916,-33.4538251
12248,12249,2400.0,36.0,36.0,1,1,0,0,0,0,13106,-70.6909855,-33.4545443
12249,12250,2600.0,48.0,48.0,2,1,0,0,0,0,13106,-70.691752,-33.4550495
12250,12251,2435.0,51.0,51.0,2,1,0,0,0,0,13106,-70.691752,-33.4550495
12251,12252,1478.0,21.3,21.3,1,1,0,0,0,0,13106,-70.6906441,-33.4570879
12252,12253,2299.0,42.16,42.16,2,1,0,0,0,1,13106,-70.7015222,-33.4522451
12253,12254,2203.0,28.73,28.73,1,1,0,0,0,1,13106,-70.6994215,-33.4552579
12254,12255,1950.0,32.52,32.52,1,1,0,0,0,1,13106,-70.6962938,-33.4592104
12255,12256,2486.132546,55.0,55.0,2,2,0,0,0,0,13106,-70.701562,-33.455565
12256,12257,2700.0,55.0,55.0,2,2,1,0,0,0,13106,-70.6991967,-33.4536344
12257,12258,4016.0,54.0,54.0,2,2,1,1,0,0,13106,-70.7014603,-33.4552085
12258,12259,2356.982804,45.0,45.0,2,1,1,1,0,0,13106,-70.7013761,-33.4551939
12259,12260,2000.0,36.0,36.0,1,1,1,0,0,0,13106,-70.7012594,-33.4544941
12260,12261,3100.0,56.22,56.22,2,2,1,0,0,0,13106,-70.6993994,-33.4532628
12261,12262,2450.0,44.0,44.0,2,1,1,0,0,0,13106,-70.7028611,-33.4553584
12262,12263,2900.0,55.0,55.0,2,2,1,1,0,0,13106,-70.6992224,-33.4535653
12263,12264,2000.0,30.0,30.0,1,1,0,0,0,0,13106,-70.7005005,-33.4550285
12264,12265,2890.0,50.0,50.0,2,2,1,1,0,0,13106,-70.7017685,-33.4555295
12265,12266,2200.0,37.0,37.0,1,1,0,0,0,0,13106,-70.6985099,-33.4619178
12266,12267,2290.0,35.53,35.53,1,1,0,0,0,0,13106,-70.7014643,-33.4554797
12267,12268,2100.0,35.0,35.0,1,1,0,1,0,0,13106,-70.7014273,-33.4553801
12268,12269,2550.0,44.0,44.0,2,1,1,0,0,0,13106,-70.7028611,-33.4553584
12269,12270,1960.0,34.0,34.0,1,1,0,0,0,0,13106,-70.7023035,-33.4561114
12270,12271,1800.0,28.0,28.0,1,1,0,0,0,0,13106,-70.7004986,-33.4550292
12271,12272,2708.0,42.9,42.9,2,1,0,0,0,0,13106,-70.69967,-33.45605
12272,12273,1850.0,34.0,34.0,1,1,0,0,0,0,13106,-70.7012929,-33.4558395
12273,12274,1452.934605,26.0,26.0,1,1,0,0,0,0,13106,-70.7004986,-33.4550292
12274,12275,3228.743567,61.0,61.0,2,2,1,1,0,0,13106,-70.6977429,-33.4541717
12275,12276,2262.703492,57.0,57.0,2,1,0,0,0,0,13106,-70.6964519,-33.4584862
12276,12277,1800.0,30.0,30.0,1,1,0,0,0,0,13106,-70.7004939,-33.4550015
12277,12278,1400.0,37.0,37.0,1,1,0,0,0,0,13106,-70.6990051,-33.4590759
12278,12279,3000.0,54.0,54.0,2,2,1,0,0,0,13106,-70.7008501,-33.4550885
12279,12280,2650.0,54.0,54.0,2,2,0,0,0,0,13106,-70.7029384,-33.4554281
12280,12281,3400.0,61.0,61.0,2,2,0,1,0,0,13106,-70.6989041,-33.4536322
12281,12282,1970.0,36.0,36.0,1,1,0,0,0,0,13106,-70.7018991,-33.4538091
12282,12283,2400.0,54.0,54.0,3,1,0,0,0,0,13106,-70.7008376,-33.455086
12283,12284,1990.0,31.0,31.0,1,1,0,0,0,0,13106,-70.7004986,-33.4550292
12284,12285,2400.0,49.0,49.0,2,1,0,0,0,0,13106,-70.6987385,-33.4544001
12285,12286,1900.0,35.0,35.0,1,1,0,1,0,0,13106,-70.7013761,-33.4551939
12286,12287,1900.0,42.0,42.0,1,1,0,0,0,0,13106,-70.6993994,-33.4532628
12287,12288,2841.294339,55.0,55.0,2,2,2,0,0,0,13106,-70.701562,-33.455565
12288,12289,2400.0,46.0,46.0,2,1,0,0,0,0,13106,-70.7014381,-33.4554765
12289,12290,3490.0,61.0,61.0,2,2,0,0,0,0,13106,-70.697775,-33.454094
12290,12291,2390.0,45.0,45.0,2,1,1,1,0,0,13106,-70.7014281,-33.4551995
12291,12292,2292.407932,53.0,53.0,2,2,1,1,0,0,13106,-70.7029862,-33.4553062
12292,12293,2450.0,45.0,45.0,2,2,0,0,0,0,13106,-70.6992111,-33.4534798
12293,12294,2066.395883,40.0,40.0,2,1,0,0,0,0,13106,-70.6980057,-33.4587708
12294,12295,2295.0,42.0,42.0,2,1,0,0,0,0,13106,-70.700003,-33.455359
12295,12296,3000.0,50.0,50.0,2,2,1,1,0,0,13106,-70.7029384,-33.4554281
12296,12297,2350.0,45.0,45.0,2,2,0,0,0,0,13106,-70.6992111,-33.4534798
12297,12298,2700.0,47.0,47.0,2,1,1,1,0,0,13106,-70.6980519,-33.4521608
12298,12299,2414.0,48.0,48.0,2,1,1,0,0,0,13106,-70.700447,-33.454994
12299,12300,2500.0,46.0,46.0,2,1,1,0,0,0,13106,-70.7014619,-33.4554804
12300,12301,1874.0,33.0,33.0,1,1,0,0,0,0,13106,-70.7013761,-33.4551939
12301,12302,2650.0,45.0,45.0,2,2,0,0,0,0,13106,-70.6991967,-33.4536344
12302,12303,2350.0,31.0,31.0,1,1,0,0,0,0,13106,-70.7004986,-33.4550292
12303,12304,1880.0,35.0,35.0,1,1,0,0,0,0,13106,-70.7013761,-33.4551939
12304,12305,2100.0,32.0,32.0,1,1,0,0,0,0,13106,-70.6973724,-33.455471
12305,12306,1850.0,30.0,30.0,1,1,0,0,0,0,13106,-70.7028611,-33.4553584
12306,12307,2050.0,25.0,25.0,1,1,0,1,0,0,13106,-70.7004986,-33.4550292
12307,12308,1790.0,34.0,34.0,1,1,0,0,0,0,13106,-70.6986075,-33.4544597
12308,12309,2080.0,36.0,36.0,1,1,0,1,0,0,13106,-70.7014675,-33.4554813
12309,12310,2300.0,37.0,37.0,1,1,0,0,0,0,13106,-70.7010651,-33.4562874
12310,12311,1960.0,37.0,37.0,1,1,0,0,0,0,13106,-70.7004471,-33.4541283
12311,12312,1824.240115,35.0,35.0,1,1,0,0,0,0,13106,-70.6998444,-33.4557152
12312,12313,1710.0,36.0,36.0,1,1,0,0,0,0,13106,-70.7014643,-33.4554797
12313,12314,2260.120497,60.0,60.0,2,2,0,0,0,0,13106,-70.7026769,-33.4551983
12314,12315,2990.0,54.0,54.0,2,2,1,0,0,0,13106,-70.7022858,-33.4557953
12315,12316,2400.0,53.0,53.0,2,2,0,0,0,0,13106,-70.699177,-33.453471
12316,12317,1980.0,37.0,37.0,1,1,0,0,0,0,13106,-70.701914,-33.452452
12317,12318,2400.0,50.0,50.0,2,1,1,0,0,0,13106,-70.7014619,-33.4554804
12318,12319,1600.0,25.0,25.0,1,1,0,0,0,0,13106,-70.7014675,-33.4554813
12319,12320,2100.0,43.16,43.16,1,1,0,0,0,0,13106,-70.6999234,-33.4538243
12320,12321,2450.0,46.0,46.0,2,1,0,0,0,0,13106,-70.7014643,-33.4554797
12321,12322,2300.0,35.4,35.4,1,1,0,0,0,0,13106,-70.7013321,-33.4551888
12322,12323,2500.0,52.0,52.0,2,1,0,0,0,0,13106,-70.7000198,-33.4554977
12323,12324,2098.683318,45.51,45.51,1,1,0,0,0,0,13106,-70.701355,-33.4558678
12324,12325,2359.0,35.53,35.53,1,1,0,0,0,0,13106,-70.7017685,-33.4555295
12325,12326,2100.0,38.0,38.0,1,1,0,0,0,0,13106,-70.6989059,-33.4536324
12326,12327,3000.0,70.41,70.41,2,2,2,0,0,0,13106,-70.7013128,-33.4559214
12327,12328,2500.0,40.0,40.0,1,1,0,0,0,0,13106,-70.6990051,-33.4590759
12328,12329,1800.0,33.0,33.0,1,1,0,0,0,0,13106,-70.7011028,-33.4561254
12329,12330,1549.796912,29.0,29.0,1,1,0,0,0,0,13106,-70.69967,-33.45605
12330,12331,2100.0,32.3,32.3,1,1,0,0,0,0,13106,-70.7023035,-33.4561114
12331,12332,2850.0,65.0,65.0,2,2,0,0,0,0,13106,-70.6977429,-33.4541717
12332,12333,2360.0,37.0,37.0,1,1,0,0,0,0,13106,-70.6984279,-33.4533352
12333,12334,2421.557675,65.0,65.0,2,2,0,0,0,0,13106,-70.701355,-33.4558754
12334,12335,2400.0,47.0,47.0,2,1,1,0,0,0,13106,-70.7014619,-33.4554804
12335,12336,2490.0,45.0,45.0,2,1,1,0,0,0,13106,-70.701486,-33.455423
12336,12337,2450.0,42.0,42.0,2,1,1,0,0,0,13106,-70.7028611,-33.4553584
12337,12338,2400.0,37.0,37.0,1,1,0,0,0,0,13106,-70.6992274,-33.4543517
12338,12339,2980.0,54.0,54.0,2,2,1,0,0,0,13106,-70.7000675,-33.454962
12339,12340,2600.0,49.0,49.0,2,1,1,0,0,0,13106,-70.7014618,-33.4554787
12340,12341,1900.0,29.0,29.0,1,1,0,0,0,0,13106,-70.7004986,-33.4550292
12341,12342,2260.120497,46.0,46.0,2,2,0,0,0,0,13106,-70.6990051,-33.4590759
12342,12343,3750.0,61.0,61.0,3,2,1,0,0,0,13106,-70.7028611,-33.4553584
12343,12344,3010.0,58.0,58.0,2,2,1,0,0,0,13106,-70.6993994,-33.4532628
12344,12345,2624.0,62.0,62.0,2,2,1,0,0,0,13106,-70.702708,-33.454933
12345,12346,2841.294339,46.0,46.0,2,1,0,0,0,0,13106,-70.6977429,-33.4541717
12346,12347,2158.0,31.0,31.0,1,1,0,0,0,0,13106,-70.6967571,-33.4580298
12347,12348,2809.006903,62.0,62.0,2,2,0,0,0,0,13106,-70.6977,-33.45392
12348,12349,2490.0,47.0,47.0,2,2,0,0,0,0,13106,-70.7006585,-33.45723
12349,12350,2100.0,30.0,30.0,1,1,0,0,0,0,13106,-70.69967,-33.45605
12350,12351,1790.0,37.0,37.0,1,1,0,0,0,0,13106,-70.702296,-33.4557539
12351,12352,3663.0,65.0,65.0,3,3,1,0,0,0,13106,-70.7028611,-33.4553584
12352,12353,2469.988829,56.0,56.0,2,2,0,0,0,0,13106,-70.701355,-33.4558678
12353,12354,2400.0,45.0,45.0,2,1,0,0,0,0,13106,-70.7015023,-33.4556507
12354,12355,2580.0,50.0,50.0,2,1,0,0,0,0,13106,-70.6999862,-33.4556758
12355,12356,2450.0,45.92,45.92,2,1,0,0,0,0,13106,-70.7014643,-33.4554797
12356,12357,2615.282289,56.0,56.0,2,2,1,1,0,0,13106,-70.6999883,-33.4556015
12357,12358,2100.0,40.0,40.0,1,1,0,0,0,0,13106,-70.7000675,-33.454962
12358,12359,3000.0,56.0,56.0,2,2,0,0,0,0,13106,-70.6989041,-33.4536322
12359,12360,2200.0,41.0,41.0,1,1,0,1,0,0,13106,-70.7014202,-33.4553796
12360,12361,2425.0,54.0,54.0,1,1,0,1,0,0,13106,-70.6977429,-33.4541717
12361,12362,1950.0,40.0,40.0,2,1,0,0,0,0,13106,-70.6990051,-33.4590759
12362,12363,2570.0,42.17,42.17,2,1,1,0,0,0,13106,-70.7023035,-33.4561114
12363,12364,1960.0,36.0,36.0,1,1,0,0,0,0,13106,-70.7030182,-33.4528008
12364,12365,1980.0,35.0,35.0,1,1,0,0,0,0,13106,-70.7028611,-33.4553584
12365,12366,1990.0,55.0,55.0,2,1,0,0,0,0,13106,-70.701028,-33.455896
12366,12367,2700.0,65.0,65.0,2,2,1,0,0,0,13106,-70.6992493,-33.4536705
12367,12368,2500.0,55.0,55.0,2,2,0,0,0,0,13106,-70.7023413,-33.4557265
12368,12369,2890.0,58.0,58.0,2,2,1,0,0,0,13106,-70.6999893,-33.4556007
12369,12370,2350.0,46.0,46.0,2,1,1,0,0,0,13106,-70.7013761,-33.4551939
12370,12371,2650.0,52.0,52.0,2,1,1,0,0,0,13106,-70.7015228,-33.4551964
12371,12372,2098.683318,54.0,54.0,2,1,0,0,0,0,13106,-70.7004449,-33.4541265
12372,12373,2034.108447,47.0,47.0,2,1,0,0,0,0,13106,-70.6999883,-33.4556015
12373,12374,2050.0,32.0,32.0,1,1,0,0,0,0,13106,-70.701235,-33.455793
12374,12375,3500.0,53.0,53.0,2,2,1,0,0,0,13106,-70.6977463,-33.4541702
12375,12376,1870.0,29.0,29.0,1,1,0,0,0,0,13106,-70.698876,-33.451917
12376,12377,1937.24614,47.0,47.0,2,1,0,0,0,0,13106,-70.698863,-33.461883
12377,12378,2500.0,45.0,45.0,2,1,0,0,0,0,13106,-70.7017489,-33.4555772
12378,12379,1690.0,30.0,30.0,1,1,0,0,0,0,13106,-70.7028557,-33.4551646
12379,12380,2809.006903,54.0,54.0,2,2,0,0,0,0,13106,-70.6992035,-33.4536171
12380,12381,1800.0,30.0,30.0,1,1,0,0,0,0,13106,-70.6990051,-33.4590759
12381,12382,2260.120497,39.0,39.0,1,1,0,0,0,0,13106,-70.6990879,-33.4535272
12382,12383,2400.0,35.0,35.0,1,1,1,0,0,0,13106,-70.702005,-33.453532
12383,12384,2400.0,51.25,51.25,2,1,0,0,0,0,13106,-70.6987668,-33.4543578
12384,12385,2640.0,46.08,46.08,2,1,0,1,0,0,13106,-70.6962938,-33.4592104
12385,12386,2950.0,64.9,64.9,3,2,1,0,0,0,13106,-70.6980519,-33.4521608
12386,12387,1960.0,37.0,37.0,1,1,0,0,0,0,13106,-70.7004882,-33.4533601
12387,12388,2100.0,62.12,62.12,1,1,0,0,0,0,13106,-70.7023035,-33.4561114
12388,12389,2050.0,35.0,35.0,1,1,0,0,0,0,13106,-70.7023869,-33.456369
12389,12390,1920.0,45.0,45.0,2,1,0,0,0,0,13106,-70.7028611,-33.4553584
12390,12391,3500.0,62.0,62.0,2,2,1,0,0,0,13106,-70.6977386,-33.454174
12391,12392,2500.0,44.0,44.0,2,1,0,0,0,0,13106,-70.7023035,-33.4561114
12392,12393,2490.0,47.0,47.0,2,1,0,0,0,0,13106,-70.6999893,-33.4556007
12393,12394,2700.0,55.0,55.0,2,1,0,0,0,0,13106,-70.7017584,-33.4579723
12394,12395,1900.0,33.46,33.46,1,1,0,0,0,0,13106,-70.7023035,-33.4561114
12395,12396,2089.0,28.13,28.13,1,1,0,0,0,0,13106,-70.7005231,-33.4549684
12396,12397,1960.0,36.0,36.0,1,1,0,0,0,0,13106,-70.7009757,-33.4541916
12397,12398,2582.994853,58.0,58.0,2,2,1,1,0,0,13106,-70.7028611,-33.4553584
12398,12399,2100.0,33.46,33.46,1,1,0,0,0,0,13106,-70.7023035,-33.4561114
12399,12400,1950.0,32.3,32.3,1,1,0,0,0,0,13106,-70.7023035,-33.4561114
12400,12401,2200.0,35.0,35.0,1,1,0,0,0,0,13106,-70.702005,-33.453532
12401,12402,2250.0,39.19,39.19,1,1,1,0,0,0,13106,-70.699045,-33.4535001
12402,12403,2400.0,42.17,42.17,2,1,1,0,0,0,13106,-70.7023035,-33.4561114
12403,12404,2400.0,45.9,45.9,2,1,0,0,0,0,13106,-70.7013141,-33.4557124
12404,12405,2021.0,35.7,35.7,1,1,0,0,0,0,13106,-70.7004986,-33.4550292
12405,12406,2800.0,45.0,45.0,2,2,1,0,0,0,13106,-70.6999893,-33.4556007
12406,12407,2130.970754,40.0,40.0,1,1,0,0,0,0,13106,-70.6990051,-33.4590759
12407,12408,2100.0,39.19,39.19,1,1,0,0,0,0,13106,-70.6989041,-33.4536322
12408,12409,2950.0,63.0,63.0,2,2,0,0,0,0,13106,-70.6980896,-33.4542427
12409,12410,2590.0,52.0,52.0,2,2,0,0,0,0,13106,-70.6992224,-33.4535653
12410,12411,1900.0,36.0,36.0,1,1,1,0,0,0,13106,-70.7014603,-33.4552085
12411,12412,3000.0,46.0,46.0,1,2,1,0,0,0,13106,-70.69967,-33.45605
12412,12413,1750.0,35.0,35.0,1,1,0,0,0,0,13106,-70.7004986,-33.4550292
12413,12414,2179.0,30.0,30.0,1,1,0,0,0,0,13106,-70.699474,-33.4553081
12414,12415,1500.0,27.11,27.11,1,1,0,0,0,0,13106,-70.701355,-33.4558754
12415,12416,1800.0,37.0,37.0,1,1,0,0,0,0,13106,-70.7014675,-33.4554813
12416,12417,2000.0,32.0,32.0,1,1,0,0,0,0,13106,-70.7019134,-33.4534506
12417,12418,3072.0,62.22,62.22,2,2,0,0,0,0,13106,-70.699474,-33.4553081
12418,12419,2222.0,34.85,34.85,1,1,0,0,0,0,13106,-70.6967327,-33.4581274
12419,12420,1700.0,26.0,26.0,1,1,0,0,0,0,13106,-70.6978401,-33.45498
12420,12421,1937.24614,45.0,45.0,1,1,0,0,0,0,13106,-70.7000675,-33.454962
12421,12422,2400.0,80.0,80.0,2,1,1,0,0,0,13106,-70.6990051,-33.4590759
12422,12423,1950.0,35.0,35.0,1,1,0,0,0,0,13106,-70.6990051,-33.4590759
12423,12424,4050.0,52.0,52.0,2,2,1,0,0,0,13106,-70.7013761,-33.4551868
12424,12425,1820.0,30.0,30.0,1,1,0,0,0,0,13106,-70.6974671,-33.4566748
12425,12426,1800.0,36.0,36.0,1,1,0,0,0,0,13106,-70.702228,-33.4553956
12426,12427,2080.0,37.0,37.0,1,1,0,0,0,0,13106,-70.7014643,-33.4554797
12427,12428,1949.0,36.0,36.0,1,1,0,0,0,0,13106,-70.7025628,-33.4543781
12428,12429,2600.0,65.0,65.0,2,2,0,0,0,0,13106,-70.7013048,-33.4558733
12429,12430,1950.0,36.0,36.0,2,1,0,0,0,0,13106,-70.7004986,-33.4550292
12430,12431,2639.0,48.0,48.0,2,1,1,0,0,0,13106,-70.6962938,-33.4592104
12431,12432,3800.0,66.42,66.42,3,2,1,1,0,0,13106,-70.6989441,-33.4541664
12432,12433,2560.0,48.0,48.0,2,1,0,0,0,0,13106,-70.7008166,-33.456799
12433,12434,2180.0,35.0,35.0,1,1,0,0,0,0,13106,-70.701235,-33.455793
12434,12435,1800.0,40.0,40.0,1,1,0,0,0,0,13106,-70.6999234,-33.4538243
12435,12436,3400.0,41.0,41.0,1,1,0,0,0,0,13106,-70.701235,-33.455793
12436,12437,1354.0,21.0,21.0,1,1,0,0,0,0,13106,-70.7004986,-33.4550292
12437,12438,3200.0,64.0,64.0,2,2,1,0,0,0,13106,-70.6980896,-33.454422
12438,12439,2389.270239,62.0,62.0,2,2,0,0,0,0,13106,-70.702289,-33.4557967
12439,12440,2260.120497,53.0,53.0,2,1,0,0,0,0,13106,-70.702289,-33.4557967
12440,12441,2360.0,36.42,36.42,1,1,0,0,0,0,13106,-70.7015062,-33.4552893
12441,12442,2430.0,35.52,35.52,1,1,0,0,0,0,13106,-70.7015076,-33.4552879
12442,12443,2750.0,42.0,42.0,2,1,0,0,0,0,13106,-70.6999888,-33.4556473
12443,12444,2650.0,44.0,44.0,2,1,0,0,0,0,13106,-70.6998806,-33.4557653
12444,12445,3230.0,45.0,45.0,2,2,0,0,0,0,13106,-70.7004128,-33.4551724
12445,12446,1170.0,22.0,22.0,1,1,0,0,0,0,13106,-70.7005005,-33.4550285
12446,12447,1904.958704,38.0,38.0,1,1,0,0,0,0,13106,-70.6990051,-33.4590759
12447,12448,1982.0,35.7,35.7,1,1,0,0,0,0,13106,-70.6975992,-33.4540971
12448,12449,1945.0,47.0,47.0,1,1,0,0,0,0,13106,-70.6975992,-33.4540971
12449,12450,2545.0,45.5,45.5,2,1,0,0,0,0,13106,-70.7000425,-33.4539237
12450,12451,2500.0,54.0,54.0,2,2,0,0,0,0,13106,-70.7033754,-33.451529
12451,12452,1872.671269,35.0,35.0,1,1,0,0,0,0,13106,-70.6991501,-33.4544373
12452,12453,2490.0,44.0,44.0,2,1,1,0,0,0,13106,-70.6990051,-33.4590759
12453,12454,3000.0,52.0,52.0,2,2,0,0,0,0,13106,-70.7014643,-33.4554797
12454,12455,2200.0,35.52,35.52,1,1,0,0,0,0,13106,-70.70121,-33.4555261
12455,12456,2985.0,61.85,61.85,2,2,0,0,0,0,13106,-70.6993994,-33.4532628
12456,12457,1711.23409,37.0,37.0,1,1,0,0,0,0,13106,-70.7030698,-33.4526131
12457,12458,2150.0,38.0,38.0,1,1,0,0,0,0,13106,-70.7004047,-33.4536344
12458,12459,2050.0,36.0,36.0,1,1,0,0,0,0,13106,-70.7004929,-33.4546051
12459,12460,2421.557675,41.0,41.0,1,1,0,0,0,0,13106,-70.69967,-33.45605
12460,12461,2700.0,68.0,68.0,2,2,1,0,0,0,13106,-70.6990051,-33.4590759
12461,12462,2179.0,28.0,28.0,1,1,0,0,0,0,13106,-70.6985099,-33.4619178
12462,12463,1900.0,44.0,44.0,1,1,0,0,0,0,13106,-70.7004929,-33.4550018
12463,12464,2334.0,53.0,53.0,2,2,1,1,0,0,13106,-70.7029463,-33.4554299
12464,12465,1700.0,48.0,48.0,1,1,0,0,0,0,13106,-70.6993363,-33.4533863
12465,12466,1950.0,32.0,32.0,1,1,0,0,0,0,13106,-70.70056,-33.4549978
12466,12467,1650.0,28.0,28.0,1,1,0,0,0,0,13106,-70.7014618,-33.4554787
12467,12468,1810.0,35.88,35.88,1,1,0,0,0,0,13106,-70.7006503,-33.4520542
12468,12469,2550.0,48.0,48.0,2,1,1,0,0,0,13106,-70.6985092,-33.4569092
12469,12470,1950.0,43.0,43.0,1,1,0,0,0,0,13106,-70.7023035,-33.4561114
12470,12471,2199.0,32.94,32.94,1,1,0,0,0,0,13106,-70.7015875,-33.4538521
12471,12472,2000.0,37.0,37.0,1,1,0,0,0,0,13106,-70.7001958,-33.4513072
12472,12473,2356.982804,41.0,41.0,2,1,0,0,0,0,13106,-70.7004986,-33.4550292
12473,12474,2400.0,45.0,45.0,2,2,0,0,0,0,13106,-70.69967,-33.45605
12474,12475,2500.0,34.0,34.0,1,1,1,1,0,0,13106,-70.7014619,-33.4554804
12475,12476,2500.0,47.0,47.0,2,1,0,0,0,0,13106,-70.6999883,-33.4556015
12476,12477,1870.0,35.0,35.0,1,1,0,0,0,0,13106,-70.7028611,-33.4553584
12477,12478,1920.0,35.0,35.0,1,1,0,0,0,0,13106,-70.7028611,-33.4553584
12478,12479,2550.0,45.0,45.0,2,1,0,0,0,0,13106,-70.6999883,-33.4556015
12479,12480,2150.0,34.0,34.0,1,1,1,1,0,0,13106,-70.7014381,-33.4554765
12480,12481,1850.0,36.0,36.0,1,1,0,0,0,0,13106,-70.69967,-33.45605
12481,12482,4100.0,63.4,63.4,3,2,1,0,0,0,13106,-70.7000656,-33.4549637
12482,12483,3600.0,60.0,60.0,3,2,1,0,0,0,13106,-70.69841,-33.4542885
12483,12484,3250.0,53.0,53.0,2,2,1,0,0,0,13106,-70.6988907,-33.4541931
12484,12485,2900.0,68.0,68.0,3,1,0,0,0,0,13106,-70.6990051,-33.4590759
12485,12486,1743.521526,41.0,41.0,1,1,0,0,0,0,13106,-70.7016754,-33.4535828
12486,12487,2600.0,64.0,64.0,3,1,0,0,0,0,13106,-70.6960373,-33.460495
12487,12488,2290.0,46.0,46.0,2,1,1,0,0,0,13106,-70.7014618,-33.4554787
12488,12489,2900.0,45.0,45.0,2,1,1,0,0,0,13106,-70.7014618,-33.4554787
12489,12490,2490.0,40.0,40.0,2,1,0,0,0,0,13106,-70.70049,-33.45487
12490,12491,2490.0,45.0,45.0,2,1,0,0,0,0,13106,-70.69967,-33.45605
12491,12492,2905.86921,59.0,59.0,2,2,2,0,0,0,13106,-70.701355,-33.4558678
12492,12493,2905.86921,65.0,65.0,2,2,1,0,0,0,13106,-70.7013035,-33.4558418
12493,12494,2690.0,52.0,52.0,2,2,1,0,0,0,13106,-70.7013779,-33.4553719
12494,12495,3080.0,41.0,41.0,1,1,0,0,0,0,13106,-70.7003591,-33.4551366
12495,12496,1590.0,22.0,22.0,1,1,0,0,0,0,13106,-70.6992098,-33.4536087
12496,12497,1356.072298,28.0,28.0,1,1,0,0,0,0,13106,-70.702858,-33.4553566
12497,12498,2600.0,55.0,55.0,2,2,0,0,0,0,13106,-70.6997681,-33.4559352
12498,12499,2830.0,55.0,55.0,2,2,1,1,0,0,13106,-70.7015102,-33.4551276
12499,12500,1950.0,34.0,34.0,1,1,0,0,0,0,13106,-70.7023,-33.4561
12500,12501,2460.0,42.0,42.0,1,1,0,0,0,0,13106,-70.7000675,-33.454962
12501,12502,1830.0,33.95,33.95,1,1,0,0,0,0,13106,-70.7029463,-33.4554299
12502,12503,1800.0,21.25,21.25,1,1,0,0,0,0,13106,-70.7024765,-33.4562531
12503,12504,2700.0,51.0,51.0,2,1,1,0,0,0,13106,-70.6977463,-33.4541702
12504,12505,1850.0,32.0,32.0,1,1,0,0,0,0,13106,-70.7018967,-33.4538078
12505,12506,3100.0,52.0,52.0,2,2,1,0,0,0,13106,-70.7015076,-33.4552879
12506,12507,1900.0,37.0,37.0,1,1,0,0,0,0,13106,-70.7012259,-33.4555851
12507,12508,1700.0,28.0,28.0,1,1,0,0,0,0,13106,-70.7014618,-33.4554787
12508,12509,3000.0,56.0,56.0,2,2,1,0,0,0,13106,-70.6990051,-33.4590759
12509,12510,3140.0,46.0,46.0,2,2,1,0,0,0,13106,-70.7014618,-33.4554787
12510,12511,1406.0,20.0,20.0,1,1,0,0,0,0,13106,-70.6990051,-33.4590759
12511,12512,2000.0,45.0,45.0,2,1,0,0,0,0,13106,-70.6990051,-33.4590759
12512,12513,2600.0,52.0,52.0,2,1,1,0,0,0,13106,-70.7015076,-33.4552879
12513,12514,3380.0,52.0,52.0,2,2,1,1,0,0,13106,-70.7020968,-33.4543711
12514,12515,2150.0,41.0,41.0,2,1,1,0,0,0,13106,-70.6985004,-33.4544493
12515,12516,2179.0,31.0,31.0,1,1,0,0,0,0,13106,-70.6996085,-33.4553402
12516,12517,2250.0,43.0,43.0,2,1,0,0,0,0,13106,-70.7023035,-33.4561114
12517,12518,2450.0,80.0,80.0,2,1,1,0,0,0,13106,-70.6990051,-33.4590759
12518,12519,2098.683318,47.0,47.0,2,1,0,0,0,0,13106,-70.6995918,-33.4603958
12519,12520,1650.0,29.0,29.0,1,1,0,0,0,0,13106,-70.7014643,-33.4554797
12520,12521,3600.0,53.0,53.0,2,2,1,0,0,0,13106,-70.6977463,-33.4541702
12521,12522,1900.0,34.0,34.0,1,1,0,0,0,0,13106,-70.7005005,-33.4550285
12522,12523,2099.0,29.0,29.0,1,1,0,0,0,0,13106,-70.6999201,-33.4558132
12523,12524,1950.0,38.0,38.0,1,1,0,0,0,0,13106,-70.7004449,-33.4541265
12524,12525,2240.0,39.0,39.0,2,1,0,0,0,0,13106,-70.6990496,-33.4542149
12525,12526,1690.0,28.0,28.0,1,1,0,0,0,0,13106,-70.7004986,-33.4550292
12526,12527,2900.0,62.0,62.0,2,2,1,0,0,0,13106,-70.702858,-33.4553566
12527,12528,1900.0,33.0,33.0,1,1,0,0,0,0,13106,-70.7020359,-33.4557142
12528,12529,1885.0,36.0,36.0,1,1,0,1,0,0,13106,-70.7014626,-33.4552325
12529,12530,2613.0,43.0,43.0,2,1,1,0,0,0,13106,-70.7013779,-33.4553719
12530,12531,1400.0,25.0,25.0,1,1,0,0,0,0,13106,-70.7013639,-33.4558831
12531,12532,2870.0,45.0,45.0,2,2,1,0,0,0,13106,-70.6994019,-33.4532623
12532,12533,2400.0,51.0,51.0,2,2,0,0,0,0,13106,-70.69877,-33.4543571
12533,12534,2250.0,36.0,36.0,1,1,0,0,0,0,13106,-70.7014174,-33.4552309
12534,12535,2621.0,40.0,40.0,2,1,1,0,0,0,13106,-70.6962938,-33.4592104
12535,12536,2832.0,40.0,40.0,2,1,1,0,0,0,13106,-70.6962938,-33.4592104
12536,12537,2100.0,45.0,45.0,2,1,0,0,0,0,13106,-70.6990051,-33.4590759
12537,12538,2634.0,40.0,40.0,2,1,0,0,0,0,13106,-70.6962938,-33.4592104
12538,12539,2780.0,40.0,40.0,2,1,1,0,0,0,13106,-70.6962938,-33.4592104
12539,12540,2625.0,40.0,40.0,2,1,0,0,0,0,13106,-70.6962938,-33.4592104
12540,12541,2600.0,46.0,46.0,2,1,1,1,0,0,13106,-70.7014643,-33.4554797
12541,12542,2017.0,32.8,32.8,1,1,0,0,0,0,13106,-70.6962938,-33.4592104
12542,12543,2100.0,34.0,34.0,1,1,1,1,0,0,13106,-70.7023035,-33.4561114
12543,12544,2410.0,35.0,35.0,1,1,0,0,0,0,13106,-70.7007229,-33.4549005
12544,12545,2150.0,32.0,32.0,1,1,1,1,0,0,13106,-70.7014381,-33.4554765
12545,12546,3870.0,67.0,67.0,2,2,1,0,0,0,13106,-70.6977429,-33.4541717
12546,12547,2450.0,30.0,30.0,1,1,0,1,0,0,13106,-70.702344,-33.4554454
12547,12548,2000.0,28.0,28.0,1,1,0,0,0,0,13106,-70.6990894,-33.4536193
12548,12549,3400.0,60.1,60.1,2,2,0,0,0,0,13106,-70.6989288,-33.4536629
12549,12550,2700.0,86.0,86.0,2,1,1,0,0,0,13106,-70.7013779,-33.4551926
12550,12551,2300.0,35.53,35.53,1,1,1,0,0,0,13106,-70.7014618,-33.4554787
12551,12552,2759.0,48.0,48.0,2,2,1,0,0,0,13106,-70.6996078,-33.4553413
12552,12553,2928.0,48.0,48.0,2,1,1,0,0,0,13106,-70.6962938,-33.4592104
12553,12554,3300.0,56.23,56.23,2,2,0,0,0,0,13106,-70.6993994,-33.4532628
12554,12555,1999.0,30.0,30.0,1,1,0,0,0,0,13106,-70.7014381,-33.4554765
12555,12556,2195.545625,65.0,65.0,2,1,1,0,0,0,13106,-70.7001638,-33.4588878
12556,12557,2650.0,50.63,50.63,2,1,0,0,0,0,13106,-70.7008362,-33.4550858
12557,12558,2066.395883,35.0,35.0,2,1,0,0,0,0,13106,-70.6980054,-33.458769
12558,12559,2260.120497,58.35,58.35,3,1,0,0,0,0,13106,-70.7000418,-33.4614835
12559,12560,2980.0,65.0,65.0,2,2,1,1,0,0,13106,-70.70032,-33.4540913
12560,12561,1840.0,36.0,36.0,1,1,0,1,0,0,13106,-70.7014643,-33.4554797
12561,12562,2515.0,56.0,56.0,2,1,0,1,0,0,13106,-70.7032335,-33.4537536
12562,12563,1580.0,35.0,35.0,1,1,0,0,0,0,13106,-70.7004986,-33.4550292
12563,12564,2905.86921,70.0,70.0,3,2,0,0,0,0,13106,-70.6980519,-33.4521608
12564,12565,2260.0,40.79,40.79,2,1,0,0,0,1,13106,-70.7031837,-33.4587592
12565,12566,1855.0,21.05,21.05,1,1,0,0,0,1,13106,-70.7045708,-33.4540549
12566,12567,2020.0,25.0,25.0,1,1,0,0,0,1,13106,-70.7057329,-33.4544352
12567,12568,1810.0,24.11,24.11,1,1,0,0,0,1,13106,-70.7052418,-33.4555744
12569,12570,2550.0,33.0,33.0,1,1,0,0,0,0,13106,-70.7036048,-33.4550735
12570,12571,2490.0,47.0,47.0,3,1,0,0,0,0,13106,-70.7029955,-33.4590722
12571,12572,1500.0,27.0,27.0,1,1,0,0,0,0,13106,-70.7058868,-33.4534721
12572,12573,2400.0,44.0,44.0,2,1,1,0,0,0,13106,-70.7047894,-33.4536673
12573,12574,1570.0,28.0,28.0,1,1,0,0,0,0,13106,-70.7058,-33.4534697
12574,12575,1550.0,30.0,30.0,1,1,0,0,0,0,13106,-70.7058841,-33.453473
12575,12576,1360.0,24.0,24.0,1,1,0,0,0,0,13106,-70.7048823,-33.4541037
12576,12577,1678.946655,38.0,38.0,1,1,0,0,0,0,13106,-70.705605,-33.4535
12577,12578,2604.0,45.0,45.0,2,1,1,0,0,0,13106,-70.7048823,-33.4541037
12578,12579,2500.0,38.0,38.0,1,1,0,0,0,0,13106,-70.7056015,-33.4543117
12580,12581,1590.0,32.0,32.0,1,1,0,0,0,0,13106,-70.7059479,-33.452549
12581,12582,2605.0,44.0,44.0,2,1,1,1,0,0,13106,-70.7049252,-33.4541037
12582,12583,2195.545625,52.0,52.0,2,1,0,0,0,0,13106,-70.7048823,-33.4541037
12583,12584,1500.0,32.0,32.0,1,1,0,0,0,0,13106,-70.7046998,-33.4536653
12584,12585,2389.270239,98.0,98.0,3,2,0,0,0,0,13106,-70.7082825,-33.4616432
12585,12586,2905.86921,49.0,49.0,2,2,1,1,0,0,13106,-70.7056015,-33.4543117
12586,12587,2000.0,38.0,38.0,2,1,1,0,0,0,13106,-70.7055654,-33.4534707
12587,12588,1600.0,30.0,30.0,1,1,0,0,0,0,13106,-70.705951,-33.452548
12588,12589,1495.0,30.0,30.0,1,1,0,0,0,0,13106,-70.706036,-33.453634
12589,12590,1900.0,31.0,31.0,1,1,0,0,0,0,13106,-70.7048823,-33.4541037
12590,12591,1570.0,26.0,26.0,1,1,0,0,0,0,13106,-70.7055654,-33.4534707
12591,12592,2300.0,46.0,46.0,2,1,0,0,0,0,13106,-70.7058574,-33.4539457
12592,12593,2100.0,48.0,48.0,2,1,0,0,0,0,13106,-70.7048823,-33.4541037
12593,12594,2290.0,46.0,46.0,2,1,1,1,0,0,13106,-70.7056562,-33.454158
12594,12595,2017.964729,52.0,52.0,3,1,0,0,0,0,13106,-70.7029955,-33.4590722
12595,12596,1438.0,28.0,28.0,1,1,0,0,0,0,13106,-70.70471,-33.453263
12596,12597,1500.0,25.0,25.0,1,1,0,1,0,0,13106,-70.705951,-33.452548
12597,12598,1400.0,20.0,20.0,1,1,0,0,0,0,13106,-70.7047894,-33.4536673
12598,12599,2995.0,45.0,45.0,2,1,1,0,0,0,13106,-70.7037694,-33.455021
12599,12600,2744.432032,76.0,76.0,3,1,1,0,0,0,13106,-70.7033234,-33.4591408
12600,12601,1438.0,29.0,29.0,1,1,0,0,0,0,13106,-70.704854,-33.4535
12601,12602,1450.0,24.0,24.0,1,1,0,0,0,0,13106,-70.7048823,-33.4541037
12602,12603,2150.0,39.0,39.0,1,1,0,0,0,0,13106,-70.7048823,-33.4541037
12603,12604,1705.0,28.7,28.7,1,1,0,0,0,0,13106,-70.7047894,-33.4536673
12604,12605,1690.0,30.0,30.0,1,1,0,0,0,0,13106,-70.7048823,-33.4541037
12605,12606,1799.0,29.0,29.0,1,1,0,0,0,0,13106,-70.704496,-33.451645
12606,12607,2057.0,37.0,37.0,1,1,0,0,0,0,13106,-70.7054978,-33.4561401
12607,12608,1288.268683,30.0,30.0,1,1,0,0,0,0,13106,-70.7058,-33.4534697
12608,12609,2600.0,59.0,59.0,2,1,1,0,0,0,13106,-70.7030106,-33.4590111
12609,12610,2590.0,49.0,49.0,2,1,0,0,0,0,13106,-70.7055409,-33.4561133
12610,12611,1705.0,28.1,28.1,1,1,0,0,0,0,13106,-70.7047894,-33.4536673
12611,12612,2100.0,28.0,28.0,1,1,1,0,0,0,13106,-70.705951,-33.452548
12612,12613,1894.0,30.0,30.0,1,1,0,0,0,0,13106,-70.705951,-33.452548
12613,12614,2268.0,43.0,43.0,3,1,1,0,0,0,13106,-70.7029656,-33.459115
12614,12615,1614.371783,38.0,38.0,2,1,0,0,0,0,13106,-70.7058945,-33.4533653
12615,12616,1323.784862,25.0,25.0,1,1,0,0,0,0,13106,-70.7058563,-33.4539452
12616,12617,1450.0,32.0,32.0,1,1,0,0,0,0,13106,-70.7055664,-33.4534721
12617,12618,2980.0,60.0,60.0,3,1,1,0,0,0,13106,-70.7030106,-33.4590111
12618,12619,2710.0,42.0,42.0,2,1,0,0,0,0,13106,-70.705574,-33.454879
12619,12620,1695.0,37.5,37.5,2,1,0,0,0,0,13106,-70.7056988,-33.4573917
12620,12621,1243.066273,21.0,21.0,1,1,0,0,0,0,13106,-70.7047882,-33.4536476
12621,12622,1259.209991,30.0,30.0,1,1,0,0,0,0,13106,-70.7055654,-33.4534707
12622,12623,1590.0,28.46,28.46,1,1,0,0,0,0,13106,-70.705951,-33.452548
12623,12624,1425.0,30.0,30.0,1,1,0,0,0,0,13106,-70.7048823,-33.4541037
12624,12625,2060.0,33.6,33.6,2,1,1,0,0,0,13106,-70.7055654,-33.4534707
12625,12626,1950.0,35.0,35.0,1,1,0,0,0,0,13106,-70.7035691,-33.4553724
12626,12627,2192.316882,31.0,31.0,1,1,0,0,0,0,13106,-70.704969,-33.450225
12627,12628,2098.683318,52.0,52.0,3,1,0,0,0,0,13106,-70.7029648,-33.4591141
12628,12629,1400.0,27.0,27.0,1,1,0,0,0,0,13106,-70.7055664,-33.4534721
12629,12630,2700.0,43.0,43.0,2,1,1,1,0,0,13106,-70.7035691,-33.4553724
12630,12631,1399.0,30.0,30.0,1,1,0,0,0,0,13106,-70.7055234,-33.4557047
12631,12632,3094.0,41.8,41.8,2,1,1,0,0,0,13106,-70.7047044,-33.4541345
12632,12633,1500.0,30.0,30.0,1,1,0,0,0,0,13106,-70.7058563,-33.4539452
12633,12634,7560.0,28.0,28.0,1,1,0,0,0,0,13106,-70.7046618,-33.4541911
12634,12635,2000.0,24.0,24.0,1,1,0,0,0,0,13106,-70.7050993,-33.4553443
12635,12636,1400.0,23.0,23.0,1,1,0,0,0,0,13106,-70.705519,-33.454449
12636,12637,2250.0,29.0,29.0,1,1,1,0,0,0,13106,-70.705841,-33.453912
12637,12638,2600.0,43.0,43.0,2,1,1,0,0,0,13106,-70.7048798,-33.4541054
12638,12639,2490.0,55.0,55.0,3,1,0,0,0,0,13106,-70.7032852,-33.4590378
12639,12640,2098.683318,37.6,37.6,2,1,1,0,0,0,13106,-70.7044296,-33.4572258
12640,12641,1323.784862,26.0,26.0,1,1,0,0,0,0,13106,-70.7047894,-33.4536673
12641,12642,2200.0,48.0,48.0,2,2,0,0,0,0,13106,-70.7046618,-33.4541911
12642,12643,2647.569725,56.0,56.0,3,1,1,0,0,0,13106,-70.7032852,-33.4601746
12643,12644,1730.0,30.0,30.0,1,1,0,0,0,0,13106,-70.7048798,-33.4541054
12644,12645,2585.0,49.93,49.93,2,2,0,0,0,0,13106,-70.7047044,-33.4541345
12645,12646,2350.0,33.0,33.0,1,1,1,0,0,0,13106,-70.7035691,-33.4553724
12646,12647,1500.0,28.0,28.0,1,1,0,0,0,0,13106,-70.7047894,-33.4536673
12647,12648,2227.833061,45.0,45.0,2,1,1,0,0,0,13106,-70.7054715,-33.4533071
12648,12649,2922.0,54.0,54.0,2,2,0,0,0,0,13106,-70.7034542,-33.4560745
12649,12650,2300.0,35.0,35.0,1,1,1,1,0,0,13106,-70.7035691,-33.4553724
12650,12651,2275.0,41.0,41.0,2,1,1,0,0,0,13106,-70.7045708,-33.4540549
12651,12652,2449.0,35.0,35.0,2,1,1,0,0,0,13106,-70.7056478,-33.4545212
12652,12653,3000.0,50.0,50.0,2,2,0,0,0,0,13106,-70.7058574,-33.4539457
12653,12654,2300.0,45.0,45.0,2,1,0,0,0,0,13106,-70.705004,-33.45325
12654,12655,2797.0,47.0,47.0,1,1,0,0,0,0,13106,-70.7031538,-33.4558597
12655,12656,2150.0,33.0,33.0,1,1,0,1,0,0,13106,-70.7035691,-33.4553724
12656,12657,2571.0,33.3,33.3,1,1,1,0,0,0,13106,-70.7047044,-33.4541345
12657,12658,1650.0,27.0,27.0,1,1,0,0,0,0,13106,-70.705951,-33.452548
12658,12659,1680.0,28.0,28.0,1,1,0,0,0,0,13106,-70.7048798,-33.4541054
12659,12660,3338.0,60.75,60.75,2,2,0,0,0,0,13106,-70.705161,-33.4568368
12660,12661,2150.0,34.0,34.0,1,1,0,0,0,0,13106,-70.7054749,-33.4543495
12661,12662,1650.0,21.0,21.0,1,1,1,0,0,0,13106,-70.7046392,-33.4536942
12662,12663,1490.0,30.0,30.0,1,1,0,0,0,0,13106,-70.7056827,-33.4575474
12663,12664,2800.0,50.0,50.0,2,2,0,0,0,0,13106,-70.705513,-33.4543381
12664,12665,1705.0,28.3,28.3,1,1,0,0,0,0,13106,-70.705951,-33.452548
12665,12666,1751.0,28.0,28.0,1,1,1,0,0,0,13106,-70.7058,-33.4534697
12666,12667,1830.0,35.0,35.0,2,1,0,0,0,0,13106,-70.705969,-33.453256
12667,12668,1678.946655,29.0,29.0,1,1,1,0,0,0,13106,-70.7058232,-33.4575746
12668,12669,1291.497427,20.0,20.0,1,1,0,0,0,0,13106,-70.7058574,-33.4539457
12669,12670,3800.0,33.0,33.0,1,1,1,0,0,0,13106,-70.7054732,-33.4543483
12670,12671,2550.0,40.0,40.0,2,1,0,0,0,0,13106,-70.7055702,-33.4533728
12671,12672,2100.0,39.0,39.0,1,1,0,0,0,0,13106,-70.7036807,-33.4537635
12672,12673,1360.0,20.0,20.0,1,1,0,0,0,0,13106,-70.705101,-33.453968
12673,12674,2870.0,51.14,51.14,2,2,0,0,0,0,13106,-70.7037811,-33.4550476
12674,12675,2790.0,47.0,47.0,2,1,1,0,0,0,13106,-70.705951,-33.452548
12675,12676,2100.0,42.0,42.0,2,1,1,0,0,0,13106,-70.7059263,-33.453671
12676,12677,1480.0,31.0,31.0,1,1,0,0,0,0,13106,-70.7058574,-33.4539457
12677,12678,2613.0,50.4,50.4,2,2,1,0,0,0,13106,-70.7047044,-33.4541345
12678,12679,1690.0,29.0,29.0,1,1,0,0,0,0,13106,-70.7058574,-33.4539457
12679,12680,2390.0,46.0,46.0,2,1,1,0,0,0,13106,-70.7048823,-33.4541037
12680,12681,2500.0,40.0,40.0,1,1,0,0,0,0,13106,-70.705161,-33.4568368
12681,12682,1888.0,27.0,27.0,1,1,0,0,0,0,13106,-70.7058574,-33.4539457
12682,12683,2400.0,46.0,46.0,2,1,1,0,0,0,13106,-70.7047894,-33.4536673
12683,12684,1480.0,30.0,30.0,1,1,0,0,0,0,13106,-70.7058413,-33.4537474
12684,12685,2850.0,53.0,53.0,2,2,0,0,0,0,13106,-70.7058574,-33.4539457
12685,12686,2735.0,55.19,55.19,2,1,0,0,0,0,13106,-70.705161,-33.4568368
12686,12687,2170.0,41.34,41.34,1,1,0,0,0,0,13106,-70.7053041,-33.456799
12687,12688,2450.0,45.0,45.0,2,1,1,0,0,0,13106,-70.7054801,-33.4533501
12688,12689,1705.0,28.2,28.2,1,1,0,0,0,0,13106,-70.705951,-33.452548
12689,12690,1799.0,28.2,28.2,1,1,0,0,0,0,13106,-70.705951,-33.452548
12690,12691,1749.0,32.0,32.0,1,1,0,0,0,0,13106,-70.705951,-33.452548
12691,12692,2536.0,60.75,60.75,2,2,0,0,0,0,13106,-70.7051763,-33.4568383
12692,12693,1450.0,28.42,28.42,1,1,0,0,0,0,13106,-70.7058563,-33.4539452
12693,12694,1350.0,20.44,20.44,1,1,0,0,0,0,13106,-70.7048798,-33.4541054
12694,12695,1705.0,27.7,27.7,1,1,0,0,0,0,13106,-70.7047894,-33.4536673
12695,12696,1600.0,31.0,31.0,1,1,0,0,0,0,13106,-70.7048823,-33.4541037
12696,12697,1830.0,36.0,36.0,2,1,0,0,0,0,13106,-70.705969,-33.453256
12697,12698,2390.0,45.0,45.0,2,1,0,0,0,0,13106,-70.7058563,-33.4539452
12698,12699,1800.0,30.0,30.0,1,1,0,0,0,0,13106,-70.7058563,-33.4539452
12699,12700,2050.0,39.0,39.0,2,1,0,0,0,0,13106,-70.7056851,-33.4535072
12700,12701,1890.0,36.0,36.0,2,1,0,0,0,0,13106,-70.7058657,-33.4576041
12701,12702,1888.0,28.3,28.3,1,1,0,0,0,0,13106,-70.705951,-33.452548
12702,12703,2600.0,41.0,41.0,2,1,0,0,0,0,13106,-70.7056015,-33.4543117
12703,12704,1799.0,28.0,28.0,1,1,0,0,0,0,13106,-70.705951,-33.452548
12704,12705,2033.0,42.72,42.72,1,1,0,0,0,0,13106,-70.7051763,-33.4568383
12705,12706,1452.934605,29.0,29.0,1,1,0,0,0,0,13106,-70.7058,-33.4534697
12706,12707,2000.0,42.0,42.0,2,1,0,1,0,0,13106,-70.7055654,-33.4534707
12707,12708,2605.0,45.22,45.22,2,1,0,0,0,0,13106,-70.7048823,-33.4541037
12708,12709,1356.072298,35.0,35.0,1,1,0,0,0,0,13106,-70.705658,-33.4541588
12709,12710,1894.0,28.7,28.7,1,1,0,0,0,0,13106,-70.7047894,-33.4536673
12710,12711,1970.0,35.0,35.0,1,1,0,0,0,0,13106,-70.7047894,-33.4536673
12711,12712,1705.0,29.3,29.3,1,1,0,0,0,0,13106,-70.7047894,-33.4536673
12712,12713,1799.0,29.3,29.3,1,1,0,0,0,0,13106,-70.7047894,-33.4536673
12713,12714,1990.0,32.0,32.0,1,1,0,0,0,0,13106,-70.7053395,-33.4568549
12714,12715,1400.0,28.0,28.0,1,1,0,0,0,0,13106,-70.7058868,-33.4534721
12715,12716,1850.0,37.0,37.0,2,1,0,0,0,0,13106,-70.705969,-33.453256
12716,12717,2400.0,44.0,44.0,2,2,0,0,0,0,13106,-70.7054732,-33.4543483
12717,12718,2715.0,50.0,50.0,2,2,0,0,0,0,13106,-70.7058574,-33.4539457
12718,12719,2537.0,45.0,45.0,2,1,0,0,0,0,13106,-70.7053395,-33.4568549
12719,12720,1980.0,32.0,32.0,1,1,0,0,0,0,13106,-70.7054732,-33.4543483
12720,12721,1640.0,28.0,28.0,1,1,0,0,0,0,13106,-70.7046618,-33.4541911
12721,12722,2641.0,51.0,51.0,2,2,0,0,0,0,13106,-70.7053395,-33.4568549
12722,12723,1743.0,25.0,25.0,1,1,0,0,0,0,13106,-70.7053395,-33.4568549
12723,12724,1900.0,46.0,46.0,2,1,0,0,0,0,13106,-70.7058029,-33.4534683
12724,12725,1600.0,27.0,27.0,1,1,0,0,0,0,13106,-70.7055706,-33.4565176
12725,12726,1600.0,54.0,54.0,1,1,0,0,0,0,13106,-70.7058,-33.4534697
12726,12727,2243.0,50.0,50.0,3,1,0,0,0,0,13106,-70.7029656,-33.459115
12727,12728,2195.545625,41.0,41.0,2,1,1,0,0,0,13106,-70.7048823,-33.4541037
12728,12729,1900.0,38.0,38.0,2,1,0,1,0,0,13106,-70.7058574,-33.4539457
12729,12730,1775.808962,40.0,40.0,2,1,0,0,0,0,13106,-70.7058945,-33.4533653
12730,12731,2310.0,49.0,49.0,2,1,1,0,0,0,13106,-70.7048823,-33.4541037
12731,12732,1450.0,21.0,21.0,1,1,0,0,0,0,13106,-70.704768,-33.454718
12732,12733,2090.0,45.0,45.0,2,1,0,0,0,0,13106,-70.7047912,-33.4536484
12733,12734,1270.0,20.4,20.4,1,1,0,0,0,0,13106,-70.7047894,-33.4536673
12734,12735,1777.0,27.61,27.61,1,1,0,0,0,0,13106,-70.7055265,-33.4561047
12735,12736,1550.0,26.0,26.0,1,1,0,0,0,0,13106,-70.7052558,-33.4541243
12736,12737,2428.0,50.0,50.0,2,2,0,0,0,0,13106,-70.7054749,-33.4543495
12737,12738,2390.0,41.0,41.0,2,1,0,0,0,0,13106,-70.7056238,-33.4539162
12738,12739,3300.0,52.0,52.0,2,1,0,0,0,0,13106,-70.7037659,-33.4550209
12739,12740,2667.0,56.0,56.0,2,2,1,0,0,0,13106,-70.7035465,-33.4591243
12740,12741,2390.0,42.0,42.0,2,1,0,0,0,0,13106,-70.7056046,-33.4543114
12741,12742,1894.0,33.0,33.0,1,1,0,0,0,0,13106,-70.705951,-33.452548
12742,12743,1490.0,26.7,26.7,1,1,0,0,0,0,13106,-70.7052558,-33.4541243
12743,12744,2300.0,46.0,46.0,2,1,0,0,0,0,13106,-70.7063254,-33.4574571
12744,12745,1450.0,30.0,30.0,1,1,0,0,0,0,13106,-70.7048823,-33.4541037
12745,12746,2550.0,33.0,33.0,1,1,1,0,0,0,13106,-70.7066443,-33.4575572
12746,12747,2032.0,36.0,36.0,1,1,0,0,0,0,13106,-70.7054749,-33.4543495
12747,12748,1452.934605,56.0,56.0,1,1,0,0,0,0,13106,-70.7058922,-33.4533651
12748,12749,1450.0,23.0,23.0,1,1,0,0,0,0,13106,-70.7058574,-33.4539457
12749,12750,1517.509476,28.0,28.0,1,1,0,0,0,0,13106,-70.7058563,-33.4539452
12750,12751,1900.0,40.0,40.0,2,1,1,0,0,0,13106,-70.7051392,-33.4550323
12751,12752,1700.0,40.0,40.0,2,1,0,0,0,0,13106,-70.7058945,-33.4533653
12752,12753,1900.0,45.0,45.0,2,1,0,0,0,0,13106,-70.705101,-33.453968
12753,12754,2100.0,47.0,47.0,3,1,0,0,0,0,13106,-70.7029648,-33.4591141
12754,12755,2100.0,38.0,38.0,2,1,1,0,0,0,13106,-70.7058574,-33.4539457
12755,12756,1700.0,35.7,35.7,1,1,1,0,0,0,13106,-70.7055664,-33.4534721
12756,12757,1704.776603,28.0,28.0,1,1,0,0,0,0,13106,-70.7058563,-33.4539452
12757,12758,1900.0,44.0,44.0,2,1,0,0,0,0,13106,-70.705101,-33.453968
12758,12759,2052.0,39.0,39.0,2,1,0,0,0,0,13106,-70.7058,-33.4534697
12759,12760,2000.0,33.0,33.0,2,1,0,0,0,0,13106,-70.7051258,-33.4530168
12760,12761,1520.0,28.0,28.0,1,1,0,0,0,0,13106,-70.705337,-33.453208
12761,12762,1517.509476,26.0,26.0,1,1,0,0,0,0,13106,-70.7048823,-33.4541037
12762,12763,1490.0,30.0,30.0,1,1,0,0,0,0,13106,-70.705658,-33.4541588
12763,12764,1490.0,26.5,26.5,1,1,0,0,0,0,13106,-70.7046264,-33.4551782
12764,12765,2066.395883,55.0,55.0,3,1,0,0,0,0,13106,-70.7029648,-33.4591141
12765,12766,1400.0,22.0,22.0,1,1,0,0,0,0,13106,-70.7048823,-33.4541037
12766,12767,1743.0,27.61,27.61,1,1,0,0,0,0,13106,-70.7051763,-33.4568383
12767,12768,1500.0,26.5,26.5,1,1,0,0,0,0,13106,-70.7046264,-33.4551782
12768,12769,1700.0,27.0,27.0,1,1,0,0,0,0,13106,-70.705574,-33.456768
12769,12770,1799.0,30.0,30.0,1,1,0,0,0,0,13106,-70.704839,-33.4536743
12770,12771,2615.282289,42.0,42.0,2,1,0,0,0,0,13106,-70.7056574,-33.4541577
12771,12772,1590.0,26.5,26.5,1,1,0,0,0,0,13106,-70.7046264,-33.4551782
12772,12773,2500.0,40.0,40.0,1,1,0,0,0,0,13106,-70.7056015,-33.4543117
12773,12774,1650.0,30.0,30.0,1,1,0,0,0,0,13106,-70.7055664,-33.4534721
12774,12775,1950.0,27.7,27.7,1,1,0,0,0,0,13106,-70.7048798,-33.4541054
12775,12776,1872.671269,32.0,32.0,1,1,1,0,0,0,13106,-70.7048798,-33.4541054
12776,12777,1350.0,29.0,29.0,1,1,0,0,0,0,13106,-70.7055664,-33.4534721
12777,12778,1388.359734,27.0,27.0,1,1,0,0,0,0,13106,-70.7051792,-33.4572525
12778,12779,1290.0,20.0,20.0,1,1,0,0,0,0,13106,-70.7047558,-33.453683
12779,12780,1690.0,28.4,28.4,1,1,0,0,0,0,13106,-70.7049484,-33.4540253
12780,12781,2200.0,40.0,40.0,1,1,0,0,0,0,13106,-70.7035446,-33.4590607
12781,12782,2710.0,45.0,45.0,2,1,1,0,0,0,13106,-70.7047894,-33.4536673
12782,12783,1690.0,28.0,28.0,1,1,0,0,0,0,13106,-70.7050593,-33.4496874
12783,12784,1650.0,28.0,28.0,1,1,0,0,0,0,13106,-70.7063706,-33.4519393
12784,12785,2100.0,46.0,46.0,2,1,0,0,0,0,13106,-70.7058563,-33.4539452
12785,12786,2340.0,44.0,44.0,2,1,0,0,0,0,13106,-70.7039287,-33.4540419
12786,12787,1490.0,26.0,26.0,1,1,0,0,0,0,13106,-70.7048823,-33.4541037
12787,12788,1860.0,31.11,31.11,1,1,0,0,0,0,13106,-70.705161,-33.4568368
12788,12789,1310.0,28.0,28.0,1,1,0,0,0,0,13106,-70.704725,-33.453912
12789,12790,1630.0,28.0,28.0,1,1,0,0,0,0,13106,-70.7063706,-33.4519393
12790,12791,2300.0,42.0,42.0,1,1,0,0,0,0,13106,-70.7056015,-33.4543117
12791,12792,1650.0,28.0,28.0,1,1,0,1,0,0,13106,-70.705951,-33.452548
12792,12793,2050.0,27.0,27.0,1,1,1,0,0,0,13106,-70.7058574,-33.4539457
12793,12794,2650.0,47.0,47.0,2,1,1,0,0,0,13106,-70.7058574,-33.4539457
12794,12795,1650.0,20.0,20.0,1,1,0,0,0,0,13106,-70.7047882,-33.4536476
12795,12796,2200.0,30.0,30.0,2,1,0,0,0,0,13106,-70.7050593,-33.4496874
12796,12797,2045.0,44.0,44.0,2,1,0,0,0,0,13106,-70.7048798,-33.4541054
12797,12798,1390.0,32.0,32.0,1,1,0,0,0,0,13106,-70.705951,-33.452548
12798,12799,1680.0,22.0,22.0,1,1,0,0,0,0,13106,-70.705513,-33.4543381
12799,12800,1735.0,29.0,29.0,1,1,0,0,0,0,13106,-70.7058184,-33.4547442
12800,12801,1775.808962,30.0,30.0,1,1,0,0,0,0,13106,-70.704775,-33.4540641
12801,12802,1743.521526,42.0,42.0,2,1,0,0,0,0,13106,-70.7055654,-33.4534707
12802,12803,1736.0,26.0,26.0,1,1,0,0,0,0,13106,-70.7058945,-33.4533653
12803,12804,3094.0,41.0,41.0,2,1,1,0,0,0,13106,-70.7047044,-33.4541345
12804,12805,1606.0,26.5,26.5,1,1,0,0,0,0,13106,-70.7058,-33.4534697
12805,12806,1750.0,22.0,22.0,1,1,0,0,0,0,13106,-70.705513,-33.4543381
12806,12807,1888.0,31.0,31.0,1,1,0,0,0,0,13106,-70.7047894,-33.4536673
12807,12808,1810.0,40.0,40.0,1,1,1,0,0,0,13106,-70.7047894,-33.4536673
12808,12809,1650.0,28.7,28.7,1,1,0,0,0,0,13106,-70.7058945,-33.4533653
12809,12810,1814.0,29.7,29.7,1,1,0,0,0,0,13106,-70.7048823,-33.4541037
12810,12811,2905.86921,97.0,97.0,3,2,0,0,0,0,13106,-70.6916411,-33.4455187
12811,12812,2135.0,41.0,41.0,2,1,0,0,0,0,13106,-70.6909269,-33.4520809
12812,12813,2200.0,35.0,35.0,1,1,0,0,0,0,13106,-70.6897471,-33.4523598
12813,12814,1585.0,36.0,36.0,1,1,0,0,0,0,13106,-70.6909943,-33.4520988
12814,12815,2600.0,47.0,47.0,2,1,1,0,0,0,13106,-70.6884321,-33.4559375
12815,12816,1800.0,35.0,35.0,1,1,0,0,0,0,13106,-70.6909426,-33.4520689
12816,12817,2000.0,42.0,42.0,2,1,0,0,0,0,13106,-70.6893962,-33.4527083
12817,12818,1550.0,28.0,28.0,1,1,0,0,0,0,13106,-70.6884321,-33.4559375
12818,12819,1600.0,33.0,33.0,1,1,0,0,0,0,13106,-70.6908203,-33.4525244
12819,12820,2995.0,47.0,47.0,2,2,1,1,0,0,13106,-70.6894042,-33.4510791
12820,12821,1700.0,35.0,35.0,1,1,0,0,0,0,13106,-70.688829,-33.4558876
12821,12822,2500.0,55.0,55.0,2,1,1,1,0,0,13106,-70.68972,-33.4514639
12822,12823,2744.432032,80.0,80.0,3,2,0,1,0,0,13106,-70.6865858,-33.4471498
12823,12824,2550.0,66.0,66.0,3,2,0,1,0,0,13106,-70.690998,-33.4520991
12824,12825,2195.545625,50.0,50.0,2,2,0,0,0,0,13106,-70.6903641,-33.453622
12825,12826,2800.0,45.0,45.0,2,2,2,0,0,0,13106,-70.6897471,-33.4523598
12826,12827,2347.296573,52.0,52.0,2,2,0,0,0,0,13106,-70.6905786,-33.4536936
12827,12828,2098.683318,46.0,46.0,2,1,0,0,0,0,13106,-70.6900597,-33.4515895
12828,12829,3874.49228,60.0,60.0,3,1,0,0,0,0,13106,-70.6792359,-33.4499309
12829,12830,2400.0,36.0,36.0,1,1,1,0,0,0,13106,-70.68972,-33.4514639
12830,12831,2000.0,34.0,34.0,1,1,0,0,0,0,13106,-70.690026,-33.454933
12831,12832,1990.0,35.4,35.4,1,1,0,0,0,0,13106,-70.689429,-33.451125
12832,12833,1808.096397,80.0,80.0,3,1,0,0,0,0,13106,-70.6892522,-33.4569974
12833,12834,1794.0,34.0,34.0,1,1,0,0,0,0,13106,-70.6888315,-33.4558803
12834,12835,1862.985038,26.0,26.0,1,1,0,0,0,0,13106,-70.6851343,-33.4517227
12835,12836,2100.0,28.0,28.0,1,1,0,1,0,0,13106,-70.68972,-33.4514639
12836,12837,1685.0,36.0,36.0,1,1,0,0,0,0,13106,-70.6909269,-33.4520809
12837,12838,2000.0,36.0,36.0,1,1,0,0,0,0,13106,-70.6890919,-33.4558398
12838,12839,3293.318438,70.0,70.0,3,2,1,0,0,0,13106,-70.6851807,-33.4517326
12839,12840,2050.252165,51.0,51.0,2,2,0,0,0,0,13106,-70.6897583,-33.4552689
12840,12841,1500.0,29.0,29.0,1,1,0,0,0,0,13106,-70.6879114,-33.4510486
12841,12842,1662.0,45.0,45.0,1,1,0,0,0,0,13106,-70.6910553,-33.4516869
12842,12843,2260.120497,96.0,96.0,4,2,0,0,0,0,13106,-70.6849238,-33.4492389
12843,12844,1711.23409,33.0,33.0,2,1,0,0,0,0,13106,-70.6901245,-33.4514656
12844,12845,3040.0,101.0,101.0,2,1,0,0,0,0,13106,-70.6909168,-33.4450405
12845,12846,1590.0,32.0,32.0,1,1,0,0,0,0,13106,-70.6896937,-33.4560591
12846,12847,1990.0,64.0,64.0,1,1,0,0,0,0,13106,-70.6796091,-33.4506581
12847,12848,2100.0,45.0,45.0,2,2,0,0,0,0,13106,-70.6910588,-33.4516873
12848,12849,2500.0,43.41,43.41,2,1,1,1,0,0,13106,-70.689407,-33.45108
12849,12850,1352.843554,31.0,31.0,1,1,0,0,0,0,13106,-70.689628,-33.4514335
12850,12851,2200.0,42.0,42.0,2,1,0,0,0,0,13106,-70.6910095,-33.4516144
12851,12852,2356.982804,50.0,50.0,2,2,0,0,0,0,13106,-70.6897803,-33.4522463
12852,12853,2550.707418,53.0,53.0,2,2,0,0,0,0,13106,-70.6897471,-33.4523598
12853,12854,2227.833061,42.0,42.0,2,1,1,0,0,0,13106,-70.6851343,-33.4517227
12854,12855,3300.0,103.0,103.0,3,2,0,0,0,0,13106,-70.6914482,-33.4477445
12855,12856,3100.0,122.0,122.0,3,2,0,0,0,0,13106,-70.6851343,-33.4517227
12856,12857,2300.0,50.0,50.0,2,2,0,0,0,0,13106,-70.6851343,-33.4517227
12857,12858,1890.0,32.0,32.0,1,1,1,0,0,0,13106,-70.6896827,-33.4559875
12858,12859,2347.296573,52.0,52.0,2,2,0,0,0,0,13106,-70.6897471,-33.4523598
12859,12860,1937.24614,49.0,49.0,2,1,0,0,0,0,13106,-70.6910553,-33.4516869
12860,12861,2150.0,47.0,47.0,2,2,0,0,0,0,13106,-70.6909269,-33.4520809
12861,12862,3200.0,71.0,71.0,3,2,1,0,0,0,13106,-70.6909256,-33.4520798
12862,12863,2150.0,43.11,43.11,2,1,0,0,0,0,13106,-70.6892737,-33.4525427
12863,12864,2250.0,48.0,48.0,2,1,0,0,0,0,13106,-70.6909426,-33.4520689
12864,12865,1915.0,33.0,33.0,1,1,0,0,0,0,13106,-70.6896505,-33.4524851
12865,12866,1650.0,35.0,35.0,1,1,0,0,0,0,13106,-70.6909269,-33.4520809
12866,12867,2650.0,71.0,71.0,3,2,0,0,0,0,13106,-70.6909943,-33.4520988
12867,12868,2140.0,33.0,33.0,1,1,1,0,0,0,13106,-70.6896505,-33.4524851
12868,12869,2683.0,51.0,51.0,2,2,1,1,0,0,13106,-70.6884486,-33.4558746
12869,12870,2100.0,40.0,40.0,1,1,0,0,0,0,13106,-70.6867905,-33.4510498
12870,12871,1845.0,35.0,35.0,1,1,0,0,0,0,13106,-70.6884486,-33.4558746
12871,12872,2290.0,43.11,43.11,2,1,0,0,0,0,13106,-70.6892737,-33.4525427
12872,12873,1910.0,34.03,34.03,1,1,1,0,0,0,13106,-70.68869,-33.455524
12873,12874,1920.0,33.0,33.0,1,1,0,0,0,0,13106,-70.6896505,-33.4524851
12874,12875,2040.0,43.0,43.0,2,1,0,0,0,0,13106,-70.6897471,-33.4523598
12875,12876,2000.0,37.0,37.0,1,1,0,0,0,0,13106,-70.6881209,-33.4558569
12876,12877,1850.0,35.0,35.0,1,1,0,0,0,0,13106,-70.6899368,-33.4522524
12877,12878,1850.0,35.0,35.0,1,1,0,0,0,0,13106,-70.6888535,-33.4558049
12878,12879,2260.120497,39.0,39.0,1,1,0,0,0,0,13106,-70.6855912,-33.450937
12879,12880,1990.0,36.0,36.0,1,1,0,0,0,0,13106,-70.689568,-33.45102
12880,12881,1800.0,34.0,34.0,1,1,0,0,0,0,13106,-70.6887033,-33.4556039
12881,12882,2001.821011,35.0,35.0,1,1,0,0,0,0,13106,-70.6897471,-33.4523598
12882,12883,1800.0,36.0,36.0,1,1,0,0,0,0,13106,-70.6909269,-33.4520809
12883,12884,2674.0,50.0,50.0,2,2,1,1,0,0,13106,-70.6884486,-33.4558746
12884,12885,2150.0,47.0,47.0,2,1,0,0,0,0,13106,-70.689682,-33.4560547
12885,12886,2150.0,30.0,30.0,1,1,1,1,0,0,13106,-70.6887033,-33.4556039
12886,12887,2500.0,48.0,48.0,2,2,1,0,0,0,13106,-70.6886953,-33.455536
12887,12888,2439.0,46.0,46.0,2,1,1,1,0,0,13106,-70.6884486,-33.4558746
12888,12889,2290.0,43.0,43.0,2,1,1,1,0,0,13106,-70.6884486,-33.4558746
12889,12890,2300.0,46.0,46.0,2,1,1,1,0,0,13106,-70.6887033,-33.4556039
12890,12891,2150.0,42.0,42.0,2,1,0,0,0,0,13106,-70.6896973,-33.4560585
12891,12892,2744.432032,94.0,94.0,3,2,0,0,0,0,13106,-70.6865858,-33.4471498
12892,12893,2300.0,53.89,53.89,2,2,0,0,0,0,13106,-70.6909409,-33.4520683
12893,12894,1990.0,35.0,35.0,1,1,0,0,0,0,13106,-70.6897964,-33.4524231
12894,12895,2300.0,42.0,42.0,2,1,0,0,0,0,13106,-70.6887033,-33.4556039
12895,12896,1689.0,27.0,27.0,1,1,0,0,0,0,13106,-70.6887033,-33.4556039
12896,12897,1708.005347,30.0,30.0,1,1,0,0,0,0,13106,-70.6888659,-33.4558409
12897,12898,2250.0,46.0,46.0,2,1,0,1,0,0,13106,-70.6887033,-33.4556039
12898,12899,1695.090373,30.0,30.0,1,1,0,0,0,0,13106,-70.6888659,-33.4558409
12899,12900,1900.0,33.0,33.0,1,1,0,0,0,0,13106,-70.6887033,-33.4556039
12900,12901,2688.0,51.0,51.0,2,2,1,0,0,0,13106,-70.6845787,-33.4533365
12901,12902,1937.24614,36.0,36.0,1,1,0,0,0,0,13106,-70.6851343,-33.4517227
12902,12903,1690.0,35.0,35.0,1,1,0,0,0,0,13106,-70.6897964,-33.4524231
12903,12904,2400.0,42.0,42.0,2,1,1,0,0,0,13106,-70.6887033,-33.4556039
12904,12905,2350.0,48.0,48.0,2,1,0,0,0,0,13106,-70.6886953,-33.455536
12905,12906,3164.168695,50.0,50.0,3,2,0,0,0,0,13106,-70.6896858,-33.4559573
12906,12907,2550.0,50.0,50.0,2,1,1,0,0,0,13106,-70.6887033,-33.4556039
12907,12908,2700.0,47.0,47.0,2,2,0,0,0,0,13106,-70.6855828,-33.4557163
12908,12909,2400.0,38.0,38.0,1,1,1,0,0,0,13106,-70.6887938,-33.4557853
12909,12910,2421.557675,55.0,55.0,3,1,0,0,0,0,13106,-70.6900597,-33.4515895
12910,12911,2650.0,48.0,48.0,2,2,1,1,0,0,13106,-70.6887033,-33.4556039
12911,12912,1910.0,34.0,34.0,1,1,0,0,0,0,13106,-70.6887033,-33.4556039
12912,12913,2490.0,42.0,42.0,2,1,1,0,0,0,13106,-70.6887033,-33.4556039
12913,12914,2220.0,42.0,42.0,2,1,0,0,0,0,13106,-70.6887033,-33.4556039
12914,12915,2100.0,34.36,34.36,1,1,0,1,0,0,13106,-70.68869,-33.455524
12915,12916,1600.0,36.0,36.0,1,1,0,0,0,0,13106,-70.6888504,-33.4558067
12916,12917,2799.0,56.0,56.0,2,2,0,1,0,0,13106,-70.6909269,-33.4520809
12917,12918,2192.0,45.32,45.32,2,1,0,0,0,0,13106,-70.6897471,-33.4523598
12918,12919,2150.0,46.0,46.0,2,1,0,1,0,0,13106,-70.6896825,-33.4560563
12919,12920,2350.0,42.69,42.69,2,1,0,1,0,0,13106,-70.6897962,-33.4524222
12920,12921,1774.0,33.0,33.0,1,1,1,1,0,0,13106,-70.6884486,-33.4558746
12921,12922,1689.0,27.8,27.8,1,1,0,1,0,0,13106,-70.68869,-33.455524
12922,12923,2600.0,46.0,46.0,2,1,0,0,0,0,13106,-70.68972,-33.4514639
12923,12924,2098.360444,55.0,55.0,3,1,0,0,0,0,13106,-70.6900635,-33.4515877
12924,12925,2100.0,37.0,37.0,1,1,0,0,0,0,13106,-70.6893685,-33.4528582
12925,12926,2300.0,38.0,38.0,1,1,0,0,0,0,13106,-70.689564,-33.4528326
12926,12927,2620.0,71.0,71.0,3,2,0,0,0,0,13106,-70.6909943,-33.4520988
12927,12928,2700.0,50.0,50.0,2,2,0,0,0,0,13106,-70.6887033,-33.4556039
12928,12929,2200.0,34.6,34.6,1,1,0,0,0,0,13106,-70.6897816,-33.4522127
12929,12930,2100.0,49.0,49.0,2,2,0,0,0,0,13106,-70.6896825,-33.4560563
12930,12931,2066.395883,46.0,46.0,2,1,0,0,0,0,13106,-70.6867819,-33.4564841
12931,12932,1700.0,33.0,33.0,1,1,0,0,0,0,13106,-70.6886597,-33.4556389
12932,12933,2800.0,48.0,48.0,2,2,0,0,0,0,13106,-70.6851343,-33.4517227
12933,12934,2790.0,46.0,46.0,2,1,1,0,0,0,13106,-70.6894078,-33.4511517
12934,12935,2000.0,35.0,35.0,1,1,0,0,0,0,13106,-70.68972,-33.4514639
12935,12936,2450.0,42.26,42.26,2,1,0,0,0,0,13106,-70.6888551,-33.452623
12936,12937,2899.0,51.51,51.51,2,2,0,0,0,0,13106,-70.6889134,-33.4521666
12937,12938,1800.0,35.0,35.0,1,1,0,0,0,0,13106,-70.6886953,-33.455536
12938,12939,1995.0,30.0,30.0,1,1,0,0,0,0,13106,-70.6894042,-33.4510791
12939,12940,3000.0,80.0,80.0,3,2,0,0,0,0,13106,-70.6792374,-33.4499321
12940,12941,1934.017396,49.0,49.0,2,2,0,0,0,0,13106,-70.6890945,-33.4558411
12941,12942,2100.0,54.0,54.0,2,2,0,1,0,0,13106,-70.6906834,-33.452961
12942,12943,1900.0,36.0,36.0,1,1,0,0,0,0,13106,-70.6890945,-33.4558411
12943,12944,2418.328931,50.0,50.0,2,2,1,0,0,0,13106,-70.6888046,-33.4549065
12944,12945,1990.0,36.0,36.0,1,1,0,0,0,0,13106,-70.6887894,-33.455883
12945,12946,1990.0,37.0,37.0,1,1,0,0,0,0,13106,-70.6887894,-33.455883
12946,12947,2500.0,42.0,42.0,2,1,0,1,0,0,13106,-70.6896769,-33.4560596
12947,12948,1700.0,36.0,36.0,1,1,0,0,0,0,13106,-70.690758,-33.452637
12948,12949,2518.419982,55.0,55.0,3,2,1,0,0,0,13106,-70.6896937,-33.4560591
12949,12950,2250.0,45.38,45.38,2,1,0,0,0,0,13106,-70.6885986,-33.4554977
12950,12951,2200.0,45.38,45.38,2,1,0,0,0,0,13106,-70.6885986,-33.4554977
12951,12952,1900.0,34.0,34.0,1,1,0,0,0,0,13106,-70.6887888,-33.4558829
12952,12953,2699.0,43.49,43.49,2,1,0,0,0,0,13106,-70.6889134,-33.4521666
12953,12954,2066.395883,40.0,40.0,2,1,0,0,0,0,13106,-70.6886978,-33.4555359
12954,12955,1700.0,40.0,40.0,1,1,0,0,0,0,13106,-70.6888657,-33.4558411
12955,12956,1850.0,25.0,25.0,1,1,0,0,0,0,13106,-70.6790924,-33.4513054
12956,12957,2098.360444,56.0,56.0,3,1,0,0,0,0,13106,-70.6900227,-33.4511373
12957,12958,2240.0,49.0,49.0,2,2,0,0,0,0,13106,-70.6905899,-33.4529419
12958,12959,17632.0,51.0,51.0,2,2,1,0,0,0,13106,-70.6897964,-33.4524231
12959,12960,2145.0,45.0,45.0,2,1,0,0,0,0,13106,-70.6910553,-33.4516869
12960,12961,2350.0,49.0,49.0,2,2,0,0,0,0,13106,-70.6910553,-33.4516869
12961,12962,2200.0,45.0,45.0,2,1,0,0,0,0,13106,-70.6910553,-33.4516869
12962,12963,1700.0,35.0,35.0,1,1,0,0,0,0,13106,-70.6910553,-33.4516869
12963,12964,2300.0,45.0,45.0,2,2,0,0,0,0,13106,-70.6897045,-33.4558609
12964,12965,2098.683318,64.0,64.0,3,2,0,0,0,0,13106,-70.6909943,-33.4520988
12965,12966,2950.0,102.0,102.0,3,2,0,0,0,0,13106,-70.6897906,-33.4473118
12966,12967,2163.25819,50.0,50.0,2,2,0,0,0,0,13106,-70.685257,-33.4507904
12967,12968,2500.0,55.0,55.0,2,2,0,0,0,0,13106,-70.6909426,-33.4520689
12968,12969,1780.0,32.0,32.0,1,1,0,0,0,0,13106,-70.6887894,-33.455883
12969,12970,1690.0,37.0,37.0,1,1,0,0,0,0,13106,-70.6851349,-33.4517212
12970,12971,2425.0,48.0,48.0,2,2,1,1,0,0,13106,-70.6897577,-33.45527
12971,12972,2147.114472,45.0,45.0,2,1,0,0,0,0,13106,-70.6799545,-33.4447937
12972,12973,1989.0,37.04,37.04,1,1,0,1,0,0,13106,-70.6897471,-33.4523598
12973,12974,1745.0,35.0,35.0,1,1,1,0,0,0,13106,-70.6910553,-33.4516869
12974,12975,2390.0,35.0,35.0,1,1,0,0,0,0,13106,-70.6894737,-33.4507397
12975,12976,1785.0,36.0,36.0,1,1,0,0,0,0,13106,-70.6909943,-33.4520988
12976,12977,1920.0,27.0,27.0,1,1,0,0,0,0,13106,-70.6901161,-33.4514424
12977,12978,2750.0,45.7,45.7,2,1,1,0,0,0,13106,-70.6894073,-33.4510803
12978,12979,1900.0,32.0,32.0,1,1,0,0,0,0,13106,-70.6909534,-33.4517855
12979,12980,2384.0,51.0,51.0,2,2,0,0,0,0,13106,-70.688829,-33.4558876
12980,12981,2647.569725,75.0,75.0,3,2,0,0,0,0,13106,-70.6837485,-33.4471499
12981,12982,1646.659219,36.0,36.0,1,1,0,0,0,0,13106,-70.6851343,-33.4517227
12982,12983,1850.0,30.0,30.0,1,1,0,0,0,0,13106,-70.6896825,-33.4560563
12983,12984,1350.0,28.0,28.0,1,1,0,0,0,0,13106,-70.68972,-33.4514639
12984,12985,1960.0,32.1,32.1,1,1,0,0,0,0,13106,-70.6851343,-33.4517227
12985,12986,1775.0,27.0,27.0,1,1,0,0,0,0,13106,-70.6897203,-33.4525165
12986,12987,2001.821011,34.0,34.0,1,1,0,0,0,0,13106,-70.6851343,-33.4517227
12987,12988,2100.0,45.0,45.0,2,1,0,0,0,0,13106,-70.6904041,-33.4698226
12988,12989,3100.0,94.0,94.0,2,2,1,0,0,0,13106,-70.690511,-33.471355
12989,12990,1711.23409,52.0,52.0,3,1,1,0,0,0,13106,-70.7031369,-33.4702022
12990,12991,1730.0,50.0,50.0,3,1,0,0,0,0,13106,-70.6852951,-33.469635
12991,12992,2030.0,35.8,35.8,1,1,0,0,0,0,13106,-70.6904041,-33.4698226
12992,12993,1840.383833,114.0,114.0,2,1,0,0,0,0,13106,-70.7045898,-33.4658356
12993,12994,2421.557675,52.0,52.0,3,1,1,0,0,0,13106,-70.6852969,-33.4696346
12994,12995,2431.0,43.0,43.0,2,2,1,0,0,0,13106,-70.6993038,-33.4641711
12995,12996,1904.894129,45.0,45.0,2,1,1,0,0,0,13106,-70.6916717,-33.4617854
12996,12997,2250.0,46.0,46.0,2,2,0,0,0,0,13106,-70.688767,-33.4604611
12997,12998,2000.0,33.0,33.0,1,1,0,0,0,0,13106,-70.686892,-33.461637
12998,12999,8000.0,36.0,36.0,1,1,0,0,0,0,13106,-70.684642,-33.461522
12999,13000,1830.0,39.0,39.0,2,1,0,0,0,0,13106,-70.6852951,-33.469635
13000,13001,1596.0,57.0,57.0,3,1,0,0,0,0,13106,-70.70317,-33.46988
13001,13002,1300.0,33.0,33.0,2,1,0,0,0,0,13106,-70.6860866,-33.4697098
13002,13003,1950.0,34.0,34.0,1,1,0,0,0,0,13106,-70.684642,-33.461522
13003,13004,1740.0,31.0,31.0,1,1,0,0,0,0,13106,-70.6888,-33.460499
13004,13005,4000.0,56.0,56.0,3,2,0,0,0,0,13106,-70.688627,-33.4608757
13005,13006,1598.228066,39.0,39.0,1,1,0,0,0,0,13106,-70.688627,-33.4608757
13006,13007,2195.545625,46.0,46.0,3,1,0,0,0,0,13106,-70.6842689,-33.4624436
13007,13008,1810.0,35.0,35.0,1,1,0,0,0,0,13106,-70.6992167,-33.4632606
13008,13009,4700.0,80.0,80.0,3,2,1,0,0,0,13106,-70.721748,-33.457615
13009,13010,4900.0,81.0,81.0,3,2,1,0,0,0,13106,-70.721542,-33.457542
13010,13011,3500.0,62.0,62.0,3,2,1,0,0,0,13106,-70.723288,-33.46623
13011,13012,3874.49228,71.0,71.0,3,2,1,0,0,0,13106,-70.7208176,-33.4604187
13012,13013,3000.0,62.0,62.0,2,2,1,1,0,0,13106,-70.7308529,-33.4586387
13013,13014,4617.1033,86.0,86.0,3,2,5,0,0,0,13106,-70.7209186,-33.4578073
13014,13015,742.6110203,67.0,67.0,3,2,1,0,0,0,13106,-70.72241,-33.46699
13015,13016,4358.803815,80.0,80.0,3,2,0,0,0,0,13106,-70.7212753,-33.4580307
13016,13017,2034.108447,50.0,50.0,3,1,0,0,0,0,13106,-70.7308368,-33.4608313
13017,13018,4681.678172,86.0,86.0,3,2,1,1,0,0,13106,-70.7205581,-33.4576616
13018,13019,3570.0,66.0,66.0,3,2,1,1,0,0,13106,-70.7223837,-33.4661391
13019,13020,3500.0,54.1,54.1,2,2,1,1,0,0,13106,-70.7238863,-33.4648937
13020,13021,1909.0,48.0,48.0,3,1,1,0,0,0,13106,-70.7145126,-33.4699247
13021,13022,1517.509476,47.0,47.0,2,1,0,0,0,0,13106,-70.7203106,-33.4724933
13022,13023,1937.24614,45.0,45.0,2,1,0,0,0,0,13106,-70.7156302,-33.4702266
13023,13024,1033.197941,40.0,40.0,1,1,0,0,0,0,13106,-70.7051488,-33.4714267
13024,13025,1692.0,37.4,37.4,2,1,0,0,0,0,13106,-70.7047748,-33.4668145
13025,13026,1352.843554,42.0,42.0,2,1,0,0,0,0,13106,-70.7055253,-33.4733386
24665,24666,1700.0,30.0,30.0,1,1,0,0,0,0,13106,-70.7069041,-33.4494523
